-- phpMyAdmin SQL Dump
-- version 5.2.1
-- https://www.phpmyadmin.net/
--
-- Anamakine: localhost:3306
-- Üretim Zamanı: 15 Haz 2023, 21:06:10
-- Sunucu sürümü: 8.0.33
-- PHP Sürümü: 8.1.16

SET SQL_MODE = "NO_AUTO_VALUE_ON_ZERO";
START TRANSACTION;
SET time_zone = "+00:00";


/*!40101 SET @OLD_CHARACTER_SET_CLIENT=@@CHARACTER_SET_CLIENT */;
/*!40101 SET @OLD_CHARACTER_SET_RESULTS=@@CHARACTER_SET_RESULTS */;
/*!40101 SET @OLD_COLLATION_CONNECTION=@@COLLATION_CONNECTION */;
/*!40101 SET NAMES utf8mb4 */;

--
-- Veritabanı: `ionychar_db`
--

-- --------------------------------------------------------

--
-- Tablo için tablo yapısı `admiko_auditable_logs`
--

CREATE TABLE `admiko_auditable_logs` (
  `id` bigint UNSIGNED NOT NULL,
  `action` varchar(255) COLLATE utf8mb4_unicode_ci DEFAULT NULL,
  `row_id` bigint UNSIGNED DEFAULT NULL,
  `model` varchar(255) COLLATE utf8mb4_unicode_ci DEFAULT NULL,
  `user_id` bigint UNSIGNED DEFAULT NULL,
  `info` text COLLATE utf8mb4_unicode_ci,
  `url` text COLLATE utf8mb4_unicode_ci,
  `ip` varchar(255) COLLATE utf8mb4_unicode_ci DEFAULT NULL,
  `created_at` timestamp NULL DEFAULT NULL,
  `updated_at` timestamp NULL DEFAULT NULL,
  `deleted_at` timestamp NULL DEFAULT NULL
) ENGINE=InnoDB DEFAULT CHARSET=utf8mb4 COLLATE=utf8mb4_unicode_ci;

-- --------------------------------------------------------

--
-- Tablo için tablo yapısı `admins`
--

CREATE TABLE `admins` (
  `id` bigint UNSIGNED NOT NULL,
  `name` varchar(255) COLLATE utf8mb4_unicode_ci DEFAULT NULL,
  `email` varchar(255) COLLATE utf8mb4_unicode_ci NOT NULL,
  `password` varchar(255) COLLATE utf8mb4_unicode_ci DEFAULT NULL,
  `created_at` timestamp NULL DEFAULT NULL,
  `updated_at` timestamp NULL DEFAULT NULL,
  `deleted_at` timestamp NULL DEFAULT NULL,
  `image` blob NOT NULL,
  `theme` varchar(255) COLLATE utf8mb4_unicode_ci DEFAULT NULL,
  `role_id` int DEFAULT NULL,
  `remember_token` varchar(255) COLLATE utf8mb4_unicode_ci DEFAULT NULL,
  `reset_token` varchar(255) COLLATE utf8mb4_unicode_ci DEFAULT NULL
) ENGINE=InnoDB DEFAULT CHARSET=utf8mb4 COLLATE=utf8mb4_unicode_ci;

--
-- Tablo döküm verisi `admins`
--

INSERT INTO `admins` (`id`, `name`, `email`, `password`, `created_at`, `updated_at`, `deleted_at`, `image`, `theme`, `role_id`, `remember_token`, `reset_token`) VALUES
(1, 'Mehmet', 'tekiner65@hotmail.com', '$2y$10$WObXLVS7rVV6yF9c0YmNLu7Qt2FXjTwNNVViKOXS/150JqnPUT35u', '2023-04-15 05:03:47', '2023-04-15 06:45:53', NULL, 0x646174613a696d6167652f6a7065673b6261736536342c2f396a2f34515a41525868705a674141545530414b674141414167414277455341414d41414141424141454141414561414155414141414241414141596745624141554141414142414141416167456f41414d41414141424141494141414578414149414141416941414141636745794141494141414155414141416c49647041415141414141424141414171414141414e5141447159414141416e4541414f706741414143635151575276596d5567554768766447397a6147397749454e44494449774d546b674b466470626d527664334d70414449774d6a45364d4445364d5451674d6a4d364d7a59364d7a594141414f6741514144414141414151414241414367416741454141414141514141414753674177414541414141415141414147514141414141414141414267454441414d41414141424141594141414561414155414141414241414142496745624141554141414142414141424b67456f41414d414141414241414941414149424141514141414142414141424d674943414151414141414241414146426741414141414141414249414141414151414141456741414141422f396a2f3751414d51575276596d56665130304141662f75414135425a4739695a51426b674141414141482f32774345414177494341674a4341774a4351775243776f4c45525550444177504652675445785554457867524441774d4441774d4551774d4441774d4441774d4441774d4441774d4441774d4441774d4441774d4441774d444177424451734c4451344e4541344f4542514f446734554641344f446734554551774d4441774d4552454d4441774d444177524441774d4441774d4441774d4441774d4441774d4441774d4441774d4441774d4441774d44502f41414245494145734153774d4249674143455145444551482f335141454141582f7841452f41414142425145424151454241514141414141414141414441414543424155474277674a4367734241414546415145424151454241414141414141414141454141674d454251594843416b4b43784141415151424177494541675548426767464177777a4151414345514d45495249784255465259524d6963594579426853526f62464349795156557346694d7a52796774464442795753552f446838574e7a4e526169736f4d6d524a4e555a4558436f33513246394a56346d5879733454443033586a3830596e6c4b5346744a5845314f54307062584631655831566d5a326870616d74736257357659335231646e6434655870376648312b66334551414341674543424151444241554742776347425455424141495241794578456752425557467849684d464d6f4752464b477851695042557448774d79526934584b436b6b4e5446574e7a4e50456c42686169736f4d484a6a5843306b5354564b4d585a4556564e6e526c34764b7a684d50546465507a5270536b68625356784e546b394b57317864586c39565a6d646f615770726247317562324a7a6448563264336835656e7438662f3267414d41774541416845444551412f415050306b6b6c4974556b6b6b6b7053535353536c4a4a4a4a4b556b6b6b6b702f39447a394a4a4a534c564b3530667074765675723466546170335a647a574f4935617a3664396e2f5736475750564e642f3841346f656b6574314c4d3678593332596a426a30452f77436b732f53584f622f4b727062577a2f7236524e425165752f38624c366b2f77446c65372f324979662f41486f5845663479507166302f6f50324c4d365453366e44764c714c32463737414c5939576c2b2b3939746e365774747a66335030533959794d7a47787263656d3534612f4c734e564150357a7778392b332f74756c36792f7270305939612b725762685674335a415a36754d414a5071316670616d742f347a62365839744d423158506771535a7267356f634f434a2b394f6e72564a4a4a4a4b662f39487a394a4a4a534c566e454e615848674354386c37763952656a486f2f3159773861787533497462396f7952776655752f534f61372f4149706d796e2f726138662b71665350327a395938484163336453367a31636e77394b72394c5931332f4777326e2f7269392f545a486f6b506c582b4d373679583433316f366656694f31364b4735546d79524e72334e6636622f2f414547712f77445a68656f593252566c593157545364315637473256753857764739682f7a584c6e382f384178652f5662714f62646e5a6d505a626b35447439722f5874624a342b697978725737576a5931626e54656e3433544d476e4178413575506a7432564e63347649625074627666756437667a5544564a664466726e306a396a2f57624f78477432305066396f783949487033545a74622f414d56623674502f414674597139512f7877644933346d46317174737578336e477943422f67376664533533386d7539757a2f3049586c3663446f744b6b6b6b6b56502f307650306b6b6c497466545038542f534332764f363361776a31534d54476352457359665579584e2f6b7675394e6e2f41466864462f6a45363766305436755074784c44566d5a566a4d6648736245744c6a366c72785037744664763974654979377335774867484f412b35705331376c7a6f34334f4a2f366f6c446831745675312f7a312b74332f6c766b66657a2f414e4a72707638414633396365735a50316a62302f71755a5a6c315a745432302b707439747459395a736257732b6e55323571382f532f4477493050344a5546572f5176582b6c563959364c6d644d66412b31564f5931782f4e66394b6d7a2f414b3361316a313839755a62573531647a44586457537932747767746530374c474f61666f3758684e4c7633332f3537762f4a4a4a41556f6c535353534b6e2f302f50306b6b6c4974556b6b6b6b7053535353536c4a4a4a4a4b556b6b6b6b702f396e2f37513557554768766447397a6147397749444d754d414134516b6c4e42435541414141414142414141414141414141414141414141414141414141414f454a4a54515136414141414141446c4141414145414141414145414141414141417477636d6c75644539316448423164414141414155414141414155484e3055324a76623277424141414141456c756447566c626e56744141414141456c756447554141414141513278796251414141413977636d6c7564464e706548526c5a57354361585269623239734141414141417477636d6c7564475679546d46745a5652465746514141414142414141414141415063484a70626e5251636d39765a6c4e6c6448567754324a71597741414141774155414279414738416277426d414341415577426c4148514164514277414141414141414b63484a7662325a545a585231634141414141454141414141516d7830626d5675645730414141414d596e567062485270626c42796232396d41414141435842796232396d5130315a53774134516b6c4e42447341414141414169304141414151414141414151414141414141456e4279615735305433563063485630543342306157397563774141414263414141414151334230626d4a76623277414141414141454e73596e4a696232397341414141414142535a334e4e596d3976624141414141414151334a7551324a76623277414141414141454e7564454e6962323973414141414141424d596d787a596d39766241414141414141546d6430646d4a766232774141414141414556746245526962323973414141414141424a626e5279596d39766241414141414141516d4e725a303969616d4d41414141424141414141414141556b64435177414141414d4141414141556d51674947527664574a41622b4141414141414141414141414248636d34675a473931596b427634414141414141414141414141454a734943426b6233566951472f67414141414141414141414141516e4a6b564656756445596a556d783041414141414141414141414141414141516d786b494656756445596a556d783041414141414141414141414141414141556e4e73644656756445596a554868735146674141414141414141414141414b646d566a644739795247463059574a7662327742414141414146426e55484e6c626e5674414141414146426e55484d414141414155476451517741414141424d5a575a305657353052694e536248514141414141414141414141414141414255623341675657353052694e536248514141414141414141414141414141414254593277675657353052694e51636d4e415751414141414141414141414142426a636d39775632686c626c4279615735306157356e596d3976624141414141414f59334a7663464a6c5933524362335230623231736232356e41414141414141414141786a636d3977556d566a6445786c5a6e52736232356e41414141414141414141316a636d3977556d566a64464a705a326830624739755a774141414141414141414c59334a7663464a6c59335255623342736232356e4141414141414134516b6c4e412b3041414141414142414159414141414145414151426741414141415141424f454a4a5451516d414141414141414f41414141414141414141414141442b4141414134516b6c4e424130414141414141415141414142614f454a4a5451515a414141414141414541414141486a684353553044387741414141414143514141414141414141414141514134516b6c4e4a7841414141414141416f414151414141414141414141424f454a4a5451503141414141414142494143396d5a6741424147786d5a67414741414141414141424143396d5a674142414b475a6d6741474141414141414142414449414141414241466f414141414741414141414141424144554141414142414330414141414741414141414141424f454a4a5451503441414141414142774141442f2f2f2f2f2f2f2f2f2f2f2f2f2f2f2f2f2f2f2f2f2f2f2f2f2f2f2f2f412b6741414141412f2f2f2f2f2f2f2f2f2f2f2f2f2f2f2f2f2f2f2f2f2f2f2f2f2f2f2f2f77506f4141414141502f2f2f2f2f2f2f2f2f2f2f2f2f2f2f2f2f2f2f2f2f2f2f2f2f2f2f2f3844364141414141442f2f2f2f2f2f2f2f2f2f2f2f2f2f2f2f2f2f2f2f2f2f2f2f2f2f2f2f2f412b674141446843535530454141414141414141416741434f454a4a54515143414141414141414741414141414141414f454a4a5451517741414141414141444151454241446843535530454c514141414141414267414241414141417a68435355304543414141414141414a4141414141454141414a4141414143514141414141514141415a4141514141426b4141414141444b41454141416c77415468435355304548674141414141414241414141414134516b6c4e42426f414141414141306b41414141474141414141414141414141414141426b414141415a41414141416f41565142754148514161514230414777415a51426b414330414e67414141414541414141414141414141414141414141414141414141414141415141414141414141414141414141415a4141414147514141414141414141414141414141414141414141414151414141414141414141414141414141414141414141414141415141414141415141414141414141473531624777414141414341414141426d4a766457356b63303969616d4d41414141424141414141414141556d4e304d51414141415141414141415647397749477876626d634141414141414141414145786c5a6e52736232356e41414141414141414141424364473974624739755a7741414147514141414141556d646f64477876626d63414141426b41414141426e4e7361574e6c63315a7354484d414141414254324a715977414141414541414141414141567a62476c6a5a5141414142494141414148633278705932564a52477876626d634141414141414141414232647962335677535552736232356e414141414141414141415a76636d6c6e6157356c626e5674414141414445565462476c6a5a55397961576470626741414141316864585276523256755a584a686447566b41414141414652356347566c626e567441414141436b565462476c6a5a56523563475541414141415357316e4941414141415a69623356755a484e50596d706a41414141415141414141414141464a6a64444541414141454141414141465276634342736232356e41414141414141414141424d5a575a30624739755a7741414141414141414141516e527662577876626d63414141426b4141414141464a6e614852736232356e414141415a41414141414e31636d7855525668554141414141514141414141414147353162477855525668554141414141514141414141414145317a5a32565552566855414141414151414141414141426d4673644652685a3152465746514141414142414141414141414f593256736246526c6548524a633068555455786962323973415141414141686a5a57787356475634644652465746514141414142414141414141414a61473979656b4673615764755a5735316251414141413946553278705932564962334a36515778705a323441414141485a47566d595856736441414141416c325a584a30515778705a32356c626e5674414141414430565462476c6a5a565a6c636e524262476c6e626741414141646b5a575a68645778304141414143324a6e5132397362334a556558426c5a5735316251414141424646553278705932564352304e766247397956486c775a5141414141424f6232356c41414141435852766345393164484e6c64477876626d63414141414141414141436d786c5a6e52506458527a5a5852736232356e41414141414141414141786962335230623231506458527a5a5852736232356e4141414141414141414174796157646f6445393164484e6c64477876626d63414141414141446843535530454b41414141414141444141414141492f3841414141414141414468435355304546414141414141414241414141414d34516b6c4e424177414141414142534941414141424141414153774141414573414141446b414142437a41414142515941474141422f396a2f3751414d51575276596d56665130304141662f75414135425a4739695a51426b674141414141482f32774345414177494341674a4341774a4351775243776f4c45525550444177504652675445785554457867524441774d4441774d4551774d4441774d4441774d4441774d4441774d4441774d4441774d4441774d4441774d444177424451734c4451344e4541344f4542514f446734554641344f446734554551774d4441774d4552454d4441774d444177524441774d4441774d4441774d4441774d4441774d4441774d4441774d4441774d4441774d44502f41414245494145734153774d4249674143455145444551482f335141454141582f7841452f41414142425145424151454241514141414141414141414441414543424155474277674a4367734241414546415145424151454241414141414141414141454141674d454251594843416b4b43784141415151424177494541675548426767464177777a4151414345514d45495249784255465259524d6963594579426853526f62464349795156557346694d7a52796774464442795753552f446838574e7a4e526169736f4d6d524a4e555a4558436f33513246394a56346d5879733454443033586a3830596e6c4b5346744a5845314f54307062584631655831566d5a326870616d74736257357659335231646e6434655870376648312b66334551414341674543424151444241554742776347425455424141495241794578456752425557467849684d464d6f4752464b477851695042557448774d79526934584b436b6b4e5446574e7a4e50456c42686169736f4d484a6a5843306b5354564b4d585a4556564e6e526c34764b7a684d50546465507a5270536b68625356784e546b394b57317864586c39565a6d646f615770726247317562324a7a6448563264336835656e7438662f3267414d41774541416845444551412f415050306b6b6c4974556b6b6b6b7053535353536c4a4a4a4a4b556b6b6b6b702f39447a394a4a4a534c564b3530667074765675723466546170335a647a574f4935617a3664396e2f5736475750564e642f3841346f656b6574314c4d3678593332596a426a30452f77436b732f53584f622f4b727062577a2f7236524e425165752f38624c366b2f77446c65372f324979662f41486f5845663479507166302f6f50324c4d365453366e44764c714c32463737414c5939576c2b2b3939746e365774747a66335030533959794d7a47787263656d3534612f4c734e564150357a7778392b332f74756c36792f7270305939612b725762685674335a415a36754d414a5071316670616d742f347a62365839744d423158506771535a7267356f634f434a2b394f6e72564a4a4a4a4b662f39487a394a4a4a534c566e454e615848674354386c37763952656a486f2f3159773861787533497462396f7952776655752f534f61372f4149706d796e2f726138662b71665350327a395938484163336453367a31636e77394b72394c5931332f4777326e2f7269392f545a486f6b506c582b4d373679583433316f366656694f31364b4735546d79524e72334e6636622f2f414547712f77445a68656f593252566c593157545364315637473256753857764739682f7a584c6e382f384178652f5662714f62646e5a6d505a626b35447439722f5874624a342b697978725737576a5931626e54656e3433544d476e4178413575506a7432564e63347649625074627666756437667a5544564a664466726e306a396a2f57624f78477432305066396f783949487033545a74622f414d56623674502f414674597139512f7877644933346d46317174737578336e477943422f67376664533533386d7539757a2f3049586c3663446f744b6b6b6b6b56502f307650306b6b6c497466545038542f534332764f363361776a31534d54476352457359665579584e2f6b7675394e6e2f41466864462f6a45363766305436755074784c44566d5a566a4d6648736245744c6a366c72785037744664763974654979377335774867484f412b35705331376c7a6f34334f4a2f366f6c446831745675312f7a312b74332f6c766b66657a2f414e4a72707638414633396365735a50316a62302f71755a5a6c315a745432302b707439747459395a736257732b6e55323571382f532f4477493050344a5546572f5176582b6c563959364c6d644d66412b31564f5931782f4e66394b6d7a2f414b3361316a313839755a62573531647a44586457537932747767746530374c474f61666f3758684e4c7633332f3537762f4a4a4a41556f6c535353534b6e2f302f50306b6b6c4974556b6b6b6b7053535353536c4a4a4a4a4b556b6b6b6b702f396b34516b6c4e4243454141414141414630414141414241514141414138415151426b414738415967426c414341415541426f414738416441427641484d41614142764148414141414158414545415a414276414749415a5141674146414161414276414851416277427a41476741627742774143414151774244414341414d674177414445414f514141414145414f454a4a54515147414141414141414841416342415141424151442f345134456148523063446f764c32357a4c6d466b62324a6c4c6d4e7662533934595841764d5334774c7741385033687759574e725a585167596d566e6157343949752b377679496761575139496c63315454424e63454e6c61476c49656e4a6c5533704f56474e3661324d355a43492f5069413865447034625842745a585268494868746247357a4f6e6739496d466b62324a6c4f6d357a4f6d316c64474576496942344f6e68746348527250534a425a4739695a53425954564167513239795a5341314c6a5974597a45304e5341334f5334784e6a4d304f546b73494449774d5467764d4467764d544d744d5459364e4441364d6a496749434167494341674943492b494478795a475936556b5247494868746247357a4f6e4a6b5a6a30696148523063446f764c336433647935334d793576636d63764d546b354f5338774d6938794d6931795a47597463336c75644746344c57357a4979492b494478795a4759365247567a59334a706348527062323467636d526d4f6d46696233563050534969494868746247357a4f6e6874634430696148523063446f764c32357a4c6d466b62324a6c4c6d4e7662533934595841764d5334774c79496765473173626e4d366547317754553039496d6830644841364c793975637935685a4739695a53356a62323076654746774c7a45754d43397462533869494868746247357a4f6e4e3052585a3050534a6f644852774f693876626e4d7559575276596d5575593239744c336868634338784c6a41766331523563475576556d567a6233567959325646646d567564434d69494868746247357a4f6d526a50534a6f644852774f6938766348567962433576636d63765a474d765a57786c6257567564484d764d5334784c79496765473173626e4d36634768766447397a6147397750534a6f644852774f693876626e4d7559575276596d5575593239744c33426f6233527663326876634338784c6a4176496942346258413651334a6c59585276636c527662327739496b466b62324a6c4946426f623352766332687663434244517941794d444535494368586157356b6233647a4b534967654731774f6b4e795a5746305a55526864475539496a49774d6a45744d4445744d5452554d6a4d364d7a59364d7a59724d4445364d444169494868746344704e5a5852685a4746305955526864475539496a49774d6a45744d4445744d5452554d6a4d364d7a59364d7a59724d4445364d444169494868746344704e623252705a6e6c455958526c505349794d4449784c5441784c5445305644497a4f6a4d324f6a4d324b7a41784f6a4177496942346258424e5454704a626e4e305957356a5a556c4550534a346258417561576c6b4f6a63315a4459304d47457a4c5441334d4463744f4467304f433034595755324c544d775a6a55324f474a695957557a5a43496765473177545530365247396a6457316c626e524a5244306959575276596d55365a47396a61575136634768766447397a614739774f6d55314e324a694d474e684c575131596a49744d6d55304d7931684f4459354c54686d4d7a6734596a6b354e5441354d794967654731775455303654334a705a326c755957784562324e316257567564456c4550534a34625841755a476c6b4f6d46685a5755335a47526d4c57566d4e5463744f5759304e7931685a4749794c574e685a474d7a4e544a6a4e5467314d4349675a474d365a6d39796257463050534a706257466e5a5339716347566e496942776147393062334e6f623341365132397362334a4e6232526c5053497a496942776147393062334e6f6233413653554e4455484a765a6d6c735a54306963314a485169424a52554d324d546b324e6930794c6a456950694138654731775455303653476c7a644739796554346750484a6b5a6a70545a58452b494478795a47593662476b6763335246646e513659574e306157397550534a6a636d56686447566b4969427a6445563264447070626e4e305957356a5a556c4550534a346258417561576c6b4f6d46685a5755335a47526d4c57566d4e5463744f5759304e7931685a4749794c574e685a474d7a4e544a6a4e5467314d43496763335246646e51366432686c626a30694d6a41794d5330774d5330784e4651794d7a6f7a4e6a6f7a4e6973774d546f774d43496763335246646e51366332396d64486468636d56425a3256756444306951575276596d5567554768766447397a6147397749454e44494449774d546b674b466470626d527664334d704969382b494478795a47593662476b6763335246646e513659574e306157397550534a7a59585a6c5a43496763335246646e51366157357a644746755932564a52443069654731774c6d6c705a446f334e5751324e4442684d7930774e7a41334c5467344e4467744f47466c4e69307a4d4759314e6a6869596d466c4d32516949484e3052585a304f6e646f5a573439496a49774d6a45744d4445744d5452554d6a4d364d7a59364d7a59724d4445364d44416949484e3052585a304f6e4e765a6e523359584a6c5157646c626e5139496b466b62324a6c4946426f623352766332687663434244517941794d444535494368586157356b6233647a4b53496763335246646e513659326868626d646c5a4430694c794976506941384c334a6b5a6a70545a58452b49447776654731775455303653476c7a6447397965543467504339795a4759365247567a59334a70634852706232342b49447776636d526d4f6c4a45526a3467504339344f6e68746347316c6447452b4943416749434167494341674943416749434167494341674943416749434167494341674943416749434167494341674943416749434167494341674943416749434167494341674943416749434167494341674943416749434167494341674943416749434167494341674943416749434167494341674943416749434167494341674943416749434167494341674943416749434167494341674943416749434167494341674943416749434167494341674943416749434167494341674943416749434167494341674943416749434167494341674943416749434167494341674943416749434167494341674943416749434167494341674943416749434167494341674943416749434167494341674943416749434167494341674943416749434167494341674943416749434167494341674943416749434167494341674943416749434167494341674943416749434167494341674943416749434167494341674943416749434167494341674943416749434167494341674943416749434167494341674943416749434167494341674943416749434167494341674943416749434167494341674943416749434167494341674943416749434167494341674943416749434167494341674943416749434167494341674943416749434167494341674943416749434167494341674943416749434167494341674943416749434167494341674943416749434167494341674943416749434167494341674943416749434167494341674943416749434167494341674943416749434167494341674943416749434167494341674943416749434167494341674943416749434167494341674943416749434167494341674943416749434167494341674943416749434167494341674943416749434167494341674943416749434167494341674943416749434167494341674943416749434167494341674943416749434167494341674943416749434167494341674943416749434167494341674943416749434167494341674943416749434167494341674943416749434167494341674943416749434167494341674943416749434167494341674943416749434167494341674943416749434167494341674943416749434167494341674943416749434167494341674943416749434167494341674943416749434167494341674943416749434167494341674943416749434167494341674943416749434167494341674943416749434167494341674943416749434167494341674943416749434167494341674943416749434167494341674943416749434167494341674943416749434167494341674943416749434167494341674943416749434167494341674943416749434167494341674943416749434167494341674943416749434167494341674943416749434167494341674943416749434167494341674943416749434167494341674943416749434167494341674943416749434167494341674943416749434167494341674943416749434167494341674943416749434167494341674943416749434167494341674943416749434167494341674943416749434167494341674943416749434167494341674943416749434167494341674943416749434167494341674943416749434167494341674943416749434167494341674943416749434167494341674943416749434167494341674943416749434167494341674943416749434167494341674943416749434167494341674943416749434167494341674943416749434167494341674943416749434167494341674943416749434167494341674943416749434167494341674943416749434167494341674943416749434167494341674943416749434167494341674943416749434167494341674943416749434167494341674943416749434167494341674943416749434167494341674943416749434167494341674943416749434167494341674943416749434167494341674943416749434167494341674943416749434167494341674943416749434167494341674943416749434167494341674943416749434167494341674943416749434167494341674943416749434167494341674943416749434167494341674943416749434167494341674943416749434167494341674943416749434167494341674943416749434167494341674943416749434167494341674943416749434167494341674943416749434167494341674943416749434167494341674943416749434167494341674943416749434167494341674943416749434167494341674943416749434167494341674943416749434167494341674943416749434167494341674943416749434167494341674943416749434167494341674943416749434167494341674943416749434167494341674943416749434167494341674943416749434167494341674943416749434167494341674943416749434167494341674943416749434167494341674943416749434167494341674943416749434167494341674943416749434167494341674943416749434167494341674943416749434167494341674943416749434167494341674943416749434167494341674943416749434167494341674943416749434167494341674943416749434167494341674943416749434167494341674943416749434167494341674943416749434167494341674943416749434167494341674943416749434167494341674943416749434167494341674943416749434167494341674943416749434167494341674943416749434167494341674943416749434167494341674943416749434167494341674943416749434167494341674943416749434167494341674943416749434167494341674943416749434167494341674943416749434167494341674943416749434167494341674943416749434167494341674943416749434167494341674943416749434167494341674943416749434167494341674943416749434167494341674943416749434167494341674943416749434167494341674943416749434167494341674943416749434167494341674943416749434167494341674943416749434167494341674943416749434167494341674943416749434167494341674943416749434167494341674943416749434167494341674943416749434167494341674943416749434167494341674943416749434167494341674943416749434167494341674943416749434167494341674943416749434167494341674943416749434167494341674943416749434167494341674943416749434167494341674943416749434167494341674943416749434167494341674943416749434167494341674943416749434167494341674943416749434167494341674943416749434167494341674943416749434167494341674943416749434167494341674943416749434167494341674943416749434167494341674943416749434167494341674943416749434167494341674943416749434167494341674943416749434167494341674943416749434167494341674943416749434167494341674943416749434167494341674943416749434167494341674943416749434167494341674943416749434167494341674943416749434167494341674943416749434167494341674943416749434167504439346347466a61325630494756755a4430696479492f50762f694446684a51304e6655464a50526b6c4d52514142415141414445684d61573576416841414147317564484a535230496757466c614941664f4141494143514147414445414147466a6333424e55305a554141414141456c465179427a556b644341414141414141414141414141414142414144323167414241414141414e4d74534641674941414141414141414141414141414141414141414141414141414141414141414141414141414141414141414141414141414141414141414141414141414145574e77636e514141414651414141414d32526c63324d4141414745414141416248643063485141414148774141414146474a7263485141414149454141414146484a5957566f4141414959414141414647645957566f41414149734141414146474a5957566f4141414a414141414146475274626d514141414a5541414141634752745a47514141414c454141414169485a315a57514141414e4d41414141686e5a705a58634141415055414141414a47783162576b4141415034414141414647316c59584d414141514d414141414a48526c59326741414151774141414144484a55556b4d41414151384141414944476455556b4d41414151384141414944474a55556b4d4141415138414141494448526c65485141414141415132397765584a705a3268304943686a4b5341784f546b344945686c6432786c644851745547466a613246795a43424462323177595735354141426b5a584e6a414141414141414141424a7a556b644349456c46517a59784f5459324c5449754d514141414141414141414141414141456e4e5352304967535556444e6a45354e6a59744d693478414141414141414141414141414141414141414141414141414141414141414141414141414141414141414141414141414141414141414141414141414141414141425957566f6741414141414141413831454141514141414145577a46685a57694141414141414141414141414141414141414141414157466c61494141414141414141472b6941414134395141414135425957566f67414141414141414159706b41414c654641414159326c685a57694141414141414141416b6f41414144345141414c62505a47567a5977414141414141414141575355564449476830644841364c793933643363756157566a4c6d4e6f414141414141414141414141414141575355564449476830644841364c793933643363756157566a4c6d4e6f4141414141414141414141414141414141414141414141414141414141414141414141414141414141414141414141414141414141414141414141414147526c63324d4141414141414141414c6b6c46517941324d546b324e6930794c6a45675247566d595856736443425352304967593239736233567949484e7759574e6c4943306763314a48516741414141414141414141414141414c6b6c46517941324d546b324e6930794c6a45675247566d595856736443425352304967593239736233567949484e7759574e6c4943306763314a48516741414141414141414141414141414141414141414141414141414141426b5a584e6a4141414141414141414378535a575a6c636d567559325567566d6c6c64326c755a7942446232356b615852706232346761573467535556444e6a45354e6a59744d69347841414141414141414141414141414173556d566d5a584a6c626d4e6c49465a705a586470626d6367513239755a476c306157397549476c7549456c46517a59784f5459324c5449754d5141414141414141414141414141414141414141414141414141414141414141414141646d6c6c64774141414141414536542b414252664c6741517a785141412b334d4141515443774144584a34414141414257466c61494141414141414154416c574146414141414258482b64745a57467a4141414141414141414145414141414141414141414141414141414141414141414141436a77414141414a7a615763674141414141454e535643426a64584a324141414141414141424141414141414641416f414477415541426b414867416a414367414c514179414463414f7742414145554153674250414651415751426541474d41614142744148494164774238414945416867434c414a41416c514361414a384170414370414b344173674333414c774177514447414d734130414456414e73413441446c414f7341384144324150734241514548415130424577455a415238424a514572415449424f41452b415555425441465341566b425941466e415734426451463841594d4269774753415a6f426f514770416245427551484241636b423051485a416545423651487941666f434177494d416851434851496d416938434f414a42416b734356414a64416d634363514a36416f51436a674b594171494372414b324173454379774c564175414336774c314177414443774d57417945444c514d3441304d4454774e614132594463674e2b41346f446c674f69413634447567504841394d4434415073412f6b4542675154424341454c515137424567455651526a424845456667534d424a6f4571415332424d514530775468425041452f67554e425277464b77553642556b465741566e425863466867575742615946745158464264554635515832426759474667596e426a634753415a5a426d6f476577614d427030477277624142744547347762314277634847516372427a304854776468423351486867655a4236774876776653422b55482b41674c434238494d67684743466f4962676943434a59497167692b434e494935776a374352414a4a516b364355384a5a416c354359384a70416d364363384a35516e374368454b4a776f39436c514b616771424370674b726772464374774b3877734c4379494c4f51745243326b4c674175594337414c79417668432f6b4d4567777144454d4d584178314449344d70777a41444e6b4d3877304e4453594e514131614458514e6a67327044634d4e3367333444684d4f4c67354a446d514f667736624472594f3067377544776b504a5139424431345065672b5744374d507a772f7345416b514a6842444547455166684362454c6b513178443145524d524d524650455730526a42477145636b52364249484569595352524a6b456f51536f784c4445754d5441784d6a45304d5459784f44453651547852506c464159554a78524a46476f5569785374464d3455384255534654515656685634465a73567652586746674d574a685a4a466d77576a786179467459572b686364463045585a52654a4636345830686633474273595142686c47496f5972786a5647506f5a49426c464757735a6b526d334764306142426f71476c4561647871654773556137427355477a73625978754b473749623268774348436f6355687837484b4d637a427a314852346452783177485a6b64777833734868596551423571487051657668377048784d66506839704835516676782f714942556751534273494a6767784344774952776853434631496145687a6948374969636956534b434971386933534d4b497a676a5a694f554938496a384351664a45306b664353724a4e6f6c435355344a57676c6c7958484a66636d4a795a584a6f636d7479626f4a78676e535364364a36736e3343674e4b44386f635369694b4e517042696b344b5773706e536e514b6749714e53706f4b7073717a7973434b7a5972615375644b394573425377354c4734736f697a584c517774515331324c617374345334574c6b7775676936334c7534764a4339614c35457678792f2b4d4455776244436b4d4e7378456a464b4d594978756a48794d696f79597a4b624d74517a44544e474d33387a754450784e4373305a5453654e4e6731457a564e4e596331776a58394e6a6332636a61754e756b334a4464674e357733317a67554f4641346a446a494f515535516a6c2f4f6277352b546f324f6e5136736a72764f793037617a75714f2b67384a7a786c504b5138347a3069505745396f5433675069412b594436675075412f495439685036492f346b416a51475241706b446e51536c42616b4773516535434d454a795172564339304d36513331447745514452456445696b544f52524a465655576152643547496b5a6e52717447384563315233744877456746534574496b556a585352314a59306d705366424b4e3070395373524c444574545335704c346b777154484a4d756b30435455704e6b3033635469564f626b36335477425053552b54543931514a314278554c7452426c4651555a7452356c4978556e785378314d5455313954716c503256454a556a315462565368566456584356673957584661705676645852466553562b42594c316839574d745a476c6c70576268614231705757715a6139567446573556623556773158495a63316c306e5858686479563461586d786576563850583246667332414659466467716d4438595539686f6d4831596b6c696e474c7759304e6a6c3250725a45426b6c4754705a54316c6b6d586e5a6a316d6b6d626f5a7a316e6b3266706144396f6c6d6a7361554e706d6d6e78616b68716e327233613039727032762f62466473723230496257427475573453626d747578473865623368763058417263495a7734484536635a567838484a4c63715a7a41584e646337683046485277644d78314b48574664654632506e616264766833566e657a65424634626e6a4d6553703569586e6e656b5a367058734565324e37776e776866494638345831426661462b4158356966734a2f49332b45662b57415234436f675171426134484e676a43436b6f4c3067316544756f5164684943453434564868617547446f5a79687465484f3465666941534961596a4f69544f4a6d596e2b696d534b796f73776935614c2f49786a6a4d714e4d5932596a662b4f5a6f374f6a7a61506e7041476b4736513170452f6b616953455a4a366b754f54545a4f326c434355697054306c562b56795a59306c702b58437064316c2b4359544a69346d53535a6b4a6e386d6d6961315a74436d362b63484a794a6e5065645a4a33536e6b4365727038646e3475662b7142706f4e6968523647326f6961696c714d476f33616a35715257704d656c4f4b57707068716d693662397032366e344b6853714d53704e366d70716879716a3673437133577236617863724e4374524b3234726932756f61385772347577414c4231734f7178594c4857736b757977724d34733636304a62536374524f3169725942746e6d32384c646f742b433457626a527555713577726f37757257374c72756e764347386d37305676592b2b4372364576762b2f65722f3177484441374d466e7765504358384c6277316a44314d5252784d374653385849786b62477738644278372f49506369387954724a75636f347972664c4e7375327a44584d746330317a62584f4e7336327a7a6650754e4135304c7252504e472b306a2f5377644e45303862555364544c3155375630645a5631746a58584e666732475459364e6c733266486164747237323444634264794b335244646c74346333714c664b642b76344462677665464534637a69552b4c623432506a362b527a35507a6c684f594e3570626e482b657036444c6f764f6c4736644471572b726c363344722b2b7947375248746e4f346f37725476514f2f4d38466a773566467938662f796a504d5a383666304e5054433956443133765a74397676336976675a2b4b6a354f506e482b6c6636352f74332f4166386d5030702f62722b532f37632f32332f2f2f2f75414346425a4739695a51426b51414141414145444142414441674d47414141414141414141414141414141412f397341684141424151454241514542415145424167454241514943415145424151494341674943416749434177494441774d4441674d4442415145424151444251554642515546427763484277634943416749434167494341674941514542415149434167514441775148425151464277674943416749434167494341674943416749434167494341674943416749434167494341674943416749434167494341674943416749434167494341674943416a2f776741524341426b414751444152454141684542417845422f3851417567414241414d414151554141414141414141414141414141416b4b43775942424155484341454241414944415141414141414141414141414141414141514641514d474168414141414d48424149424251454141414141414141414151494441424945425159494353415242776f514d464168464255594768595241414545415149454177494b43674d414141414141414543417751464268454841444553434345544644415645434251515645694d6958574633474267694e446b394f564e705933707a675341414544416755444251414141414141414141414141454145424577555641684d584543495041535159476873544c2f3267414d417745424168454445514141414b666e63632b414141414141414141414141414141414141414142314e617a6b627153614e747a6a2b6b71367a6c6e45414141416c58696274614c6b7272734d6f425a38624d5036696f41414141767330466c6278714a74575731683271616d5a6a69646c522f4d4f3377414142356e47646a446a72794a3658706f37336c66724e636c63304365677261666478424141416e7467536451376c726669326363587a6a3266353952487a4e475474316c4d4141426f3563336157546132586d5264505538627a693056567a4c5674544d794a7576704934354f6f4141575571795877443169765a597852396961646b3755435244644e305235534e5141414141414141414141414141414141414141412f2f61414167424167414242514434794d5845366a77744b6c6e6b2f54484c4f4a4d494e4c466e5666544e31747a464c754d7a6867494144734b436a354e596a734336723535596b3872484a50704e4b46747936356b73346b77474547664e3467566e466463315765554b555245737352322f476f744d6f4d7166694557665431486c535a68526c695a446546304371462f454a4e44517855672b4b2f2f6141416742417741424251443478424e30757a52684e6a656d4849386678466b334a3659496e3045646768465868454e32554b366257414d6d5230735766596b4f64303752705072726853626e595141576444784545654a7267796246456467474c4f3333536a5171346d384c45644e714c47474144785a6a42345455456f2f656e5a5655546a38562f396f414341454241414546415069796c4d6332497579616d72524d66482b486f747530665a3344322f5835656e436c615a2b354752386843706b6c30336c6333627372576c4263706a5839505559744a50532f446e49646353486a4b677574626b677147374c6b477271576b6c633070656e626e4f62534c7239644e30374f3676714b785732715457675769646d4736674c6438614f4565366b62524d6c51434267376239704130567a35723634646f663752354b47715368714a724951345034574b4a4346544c6e4874494e654c6a613139565730517643746a664b5849644f38523861316a32547376303471372b6a334d363357397935334533355465495152696b4d74567030525a646b4431634d3970472b2f6754696137507372333833673239654c464c34655a386564777639646d5352736a4f53626d484a76796838562f2f396f41434145434167592f414d4d4a614c55695869394963624b46784932556f63723053564e6b517834326f473566566761486a5a51745074666e354b42346a4a6765736b6b353932513543636e3853745433374b4154686638412f396f41434145444167592f414d4d41616230672b31496c6978464542626f4d44513266526a516d376172564546694f75494368354339464a77762f3267414941514542426a38412b53306f516b71556f684b557047704a50686f4e4f4f334c615849735067717a795253745a397557375069735076472f794437306c74716365623669475336475536386b6f4130484c6a2f454b7638417438542b6e78566236596e524e3157332f644a53745a4937377662635177336b31496c757373556449543562666d4d2b6d6443556b616c537a707a4a396a3238625a324d48312b46596e592f6e42754f67366c5075584746496e71517341654b5870486b4d4b42303846384a62516b4951674243454a47674141304141484538566c673150393179584b6978394b744b2f496c4d364662532b6e6b7450554e516670347a6a4f716176544c7a6e74666d4d373355627655704b7664635a426958435071425255505275726443543446545935637837486676764d794f7455335937715754573057334d6d52355a5361616850714a373750534f6f42365936476c616e6d783441637a6d6d3475557a45562b4e344a56543875765a7236676c4455537569726c75714a504c524b447833343761376b584569546b3253356e50376f384268577a6a52564870386a6c474a4a67744242313659696d6d50702b337a50475334586b734a466c6a3257774a654e586c66495346496669546f36347a71464138777043794f4e2f75322b3862576952744c6b746a6a4e63342b7271572f566c7a314e632b6f364455765248576e50327659554f4a3431584f572b5235524e69343751564d58703832564e6d76706a4d4d6f366942314c6357456a55387a78322f3841626c536f476d312b4e31314a6379756c41564b7456744352506b4c38744b51564f7958484645366650786d3242314e67496d59397a746a4632557157674370537174344b6e32354953526f6b7847464e6452384e58427a31305062687546506e2b67772f4d7250386d74774671423654565a53553177556f6a6b6c7153574853543441492f5877464a50556c58696c51385151654e6b4f386248363874556d386c57766172504832557053326d2b6f45716b77334645445575534962696b6b6b386d42374462764a72326f466c74353231783364373870564b5a62656a4b7349616848714756687a5852526d4f4a65516450344a356642454f583464565a57594857494a7953766954764a387a547138763154612b6e71365272707a3034424730474c676a78424750314f6f50386a684b454a43454941516843414141414e414142783342594c543153725450384367666e4c746f7a4643444958625930465479773058504147544853367834366662356a6d506a354e33483542567069357033545853374f736b76732b5849526932507163726f43436f6b6c5348487a49665365576978786e2b3657585445562b4c376455316c6d742f4e6b4b43554e784b7949354d644a4a30412b7132654d71743855377145346a6931705a547248477355617750624b556d73723335533359385150544d64656463444c616b74686269314b56707170524f70342f396b2f3841586d3158345a343768746c753737644647357536324874562b3432335636756d7875695775696350752b624753786a634776625835442f6c7546613279723937703161414150785a4c51656a79554b59665a634771566f576b70556b6a36434470783348624a4d77567773556175337334323457744b456f647837495076534747776a543672496455787948693266302f4832343255323432433252713844327270612f424d53674f34356e536e47344e624752466136314e3565684a57556f3155516b416b6b36446a633374737a76414e7238497772646d434d5a7975393277704d726958506f46504964655a5a6474636b7357557065536a79334f706c524b53514e44346a344b4c7554324a6a30396c6d744c4273635a666f732f6a545a6c4e59514c4e6b4e4f73796d7136584265556b4b5368785051386b6853556e78476f502f41416c73662f726565666a4c6a4464344e387474734777584f634f707a677162505a6573757137336c41544b584c5a544e39395731737077734b6463387270556b414c567144383379562f2f32513d3d, 'modern', 1, NULL, NULL);
INSERT INTO `admins` (`id`, `name`, `email`, `password`, `created_at`, `updated_at`, `deleted_at`, `image`, `theme`, `role_id`, `remember_token`, `reset_token`) VALUES
(2, 'Selcan', 'selcanguler009@gmail.com', '$2y$10$LozJybBE3kKDCfF6oOxy3eaYomqfVONU8bHzlmhXAi05eHQTi.BNC', '2023-04-15 07:07:23', '2023-05-24 15:06:30', NULL, 0x646174613a696d6167652f706e673b6261736536342c6956424f5277304b47676f414141414e5355684555674141414d6741414144494341594141414374574b36654141414141584e535230494172733463365141414941424a524546556546377458515634464e63572f6a664551784b4357334149557478645370456968525972547046436361644930554b68534b487743705269705331576f4644637062693768695345754c766e6657643264335a6d646d5a6e64724f626249443766652f524a444e33727031372f754d71414b7264375864374a4b54473963344552716d5157515571324b71676276537643706e712f39443872503433552f307a2b33764e7a357148324c397a2b6f45715539754e3574394d7a7676306f4b3550376666706438782f7137524445505168374a4e356a6a4d577a7668316661716630593564646a37735047572b7264656e62697a6138577648706c7337755435706a513350527a307634647270336c485055396948726c2f647675727642332f7439666464757a2f7332677257582f7a623676504550574e4d5037777a7074743337663777396b387a4a2f58353142347975664d6c665737562b35475a70737055505148776934314c356936735768564a784a452f5069562b5a6159717334384b6342422b6a44634a7a6b595a3342537869556f654d7045444c5467513273585449786f7a456968764535534f6e374e4a306f644d2f344a6831343533535051764750364230442f676f68654f34444c5245714a77375851485839307665786d4b455a4d7367664c484c6a7a5151694a52667143466c79506e777448735065387946434d6150634c543751655075506a504a554f5675645047435a4e556d397473485a574a7a465671347542766770724b645653706f544c64596d70764c724862514f7257462b4d3461756f56624a52674c434b63514a364c7157394f6c7367466d3638397148784f6f6e6e484b434b524a334974467862656d6a724f49726a6c785469684745484b636d575a5731396d503352724a304b6778747a3659676a41794174477433616373384a5a4a7831584e6e7875576352676d49736c323252696f757133566c767551345871326874466a32554b4673456733474b4a776a693478643434676b4d706466744a77793342515255756e6f5868466e734c6179344f496547783845717a4d5362424c513363355230576b5932573467676634425958326f6d4c43657935793851443161625757314e56794c526c49594c497a61566c35566d46572f49485176346d6c6f4e62504f676e527242617a477267357057445737714472382b64684279436a367556777930644446467947394b6b52504333444e7753776850652f6e41677351342b4b704748684a656a456934754d5834784c693447533857346f486e6756686f5243444d6a71635653756c4869754a717a4f49705a624462424c57625348454657347461584642367a4946507051304d4e764a4b5253666748565844774e504e52524b4163325932484745513472684257692f347357447357756e49477a4958716f68654d4d654d5857536364326a424f544f436466534642306e642b6262553155315349556b7142596749636530764c4535346132676e6b48414d614a705a675a625662307478494234584574584f47745676694e364a53377372374e7565476c2b657551673742467a615a4d3671523566546b484b303255696944435837576f516735625a4330384377382f4d494c316a687570466c72435536697435624761427435334e574156705949684b39794d79772f6d41747569516e502f454e6d43747779762f705a6538506f5a44515264624e5132425156507158686957366a6c58455333535568317164706345754f6b346a4b4c724c614c543643344b326c43495454455a50704243724b5355517665384e776b54324c47346d44384b684a714a665850366a36524d4b2f696358686c6a4a734b6763524a4755517052444f5375306b516e755355424668735a745952465575504753365731396f7139446e59764b61525156715a5431466847464f776f4e304850536962364e526e323065437546784a35454c646b4f72625179423843636d774f59354372656b445672764c747a5363424c466b434537345a5952676a713751594b444b617243566d594d4e57784d314c6554384a434b6c4a786a4147367074415443436974474349714b375353735555653438517267436a74344f54754a5a684d342b4550706253596e5034697161385677736469426c6f426235754843676b4d6c396930547446746d67317338376d51707543584e78637743747a6130334d6152516554634f6e5354464f4a4633534754674673477264344b42463852693668526345767339724253754b586e6c694b416a32614257314b776d69563841385934526832515262676c61687a6d584b444d4e38514f662f62434c6458366c6d714978665731457436387768744633706a495636477945383279646b7566765274504a474b614e663747714e64447557614e68394731477974786d3275665a58457a6a2b4e7849414a725442546a756c7835546c36374a5a77504b794d6171643053656a756f62326735614d513378696e7a33524a636d464c515349794c6333346e70526b55587536382f52504b4a4f746262733830366a5951514237686263625a622f484645344e62436d387a6c6b764a7571563867467461725a4d5150764a2b466c4756737751734a6a3849754974775079522f316e4e734e517933744e4364633239724846626c7446764b345a595766756e4a4b414b69562f335363727561677869794b346a6568694a7753384e324c516d33744e7849614b45324479635279446b4362597277327a7a4f4b486c3478473944347a6b4a482f4c6f43353869616e474662696c614243484f5751546a467a556d47672b336c4845534f65356b474736782b365868366b4b696b424954654179444345533357524a753755724e2b787857714c744e524f414c5a2b4e304849653779454948536246445a6f7164684f3861496a77516f6a356559706544694346544346505a41794334695857624a42792f6b6b4f6d575573422f4f4a2f57392b356c4d2f5652645a53567036515676337a4f59355161534233774a576f2f6755587363782b69462f323876597866574a533734667166797748345769556844684d374361536b69633445457770334f4c647842614357364c47554c4662583152777435526269723738594858614c514e754b5872374a69615453486c61384d365967646750412f7568427863566e6c76744a535830506450335a794d436161486849424944356c476b4166386a4b634664696b68347437666b5164566e3731786f49513535644779587835326b43493944304e72626b497542356269724f594b756848434c7a32584542506573777933314e7851364f496f51696551686b2b56472b7265354e634d7431626f577636734e68554c425679714b4d4e76686c684c6a6a784b3478543851516c635836344a62537252444f515733705033726a494e6251706359363452624449477772464a70344a4f59573466595463795253655275596b6c73726a5277534378345238427935525552537077724459654c386d43486b594b3749736a41345954432b424a3571374679776a4d73754f73624b505867696f4c396b44506b436947634f634a3368596849642b3645316e374e7a32733148455238597a6b517877686670357944572b2b6a57347231774330356c616e34525779636e55514c44566b34624949786b58645a30772b475848725774746968746f4e6f4837515933464c667a6c6e54626e4549316f4138704a653051532f4758544d576a6f416b643573706b73574d3047364a626f6f6b78354854426f6e444c534658466d717a5a46337346636754356e464c3065797251734664314b552b69396f746f557a46637443666d2b2f496c4c65474775416b484d36696f307931696b732f786c3141694f62496c714a775958514c6f4c6b4a5a4f4e4a354c32616858486d3268765348494b37464e7a53752f32453462755362696b69466e645a4b3769473843534d75304a6a705043513657353534374f6c53463179375077312b35345654714a333662476436654357696768456b6d305a6344625462614234584b2b574174387075475567786c323455546b54644d552f30447a5972426d67337345544d346161516275564c58424c6753386453775147755a4f30496b6931686a69496c427150575654547a6675694f624d34477957724175595a784178774d5156775333667a434549794e526857386131765142626a6356414e50456e4c5345646751686a65786f66685456777751684b6a454a4d536a35534d564d536c4a43496447596849696b4647706e70637a726232634c467a684a4f7441317a746e464451305132466e647852334b554153744c2f386861416e55306544695157567871495a6b73786f44535174776c494744494e326b6d45304a314477467049723866466a494e626f6e457a696c43464d726355686b42347435394374697655636869554c5467445a6f6c43514867477336574962617a4a4269516478394d52714a77587332464c636c7047476c4c53553543556b637763396b6352722f457734685738597749516e42674249684a7a4e5764624235527a4b3472712b5575686675474b4b4f645742486e74484f466936776762473555753052393741446b584332766374527a63346e5053334a2b635472576d2b522b4d6b4336483765527a52786d494c704e6737395964766974554b50426c7172544d644c794a43345276724f5a2f6355487769516c674f45523670766b497768426845546b55644852467466796c554b4e414764516f55426f5638785748557834374e6e4f6c584469314642646e44377053754d5578455a6848634264795272366452417366445374396c4341673465556f674675726d2f32686e375342585458687a5a6b467543564a4a487a746c6c4165306d4a4930565356624a2b4357314a474779514874365463556a497a4d7847594549716249593977502f773541684c43454a6f59695953304a484d78434a503773564770554d4b6c414b7036654b4a623251616f573669384870477761326e4154556978467a415030387459783556713538774d7439526e535953444b74444f73624c61543051676e4936794172635555625559334c4c793548515a6d656d34486659456531366577504e6f5836526e5a6f4349785670624870554e32706173676645314f714f516f797337544757485877494a6942695270564448753553635471556c454b36776b3576686c717875583045384e454745784c524542436547343048346335782b6577322b7357395a5164706143554d34726f727578544338616c73304b316f56646a5932477457372b696d7554556f7564446f72634376584a36663771646d6666454f686d48355a6a45334a596c4e545a424a4c775331706f56514974354c545533416e39424675684437456f2f4158444a466b616d5330334549593348486d733364427a2f4a4e304c64694d3061596c354e4a2b416843424a346f31576f613047377075365749754d426b4557365a4b7a6d64616c577a50396d414b594f6349347475793961656e413749774e327770396a2f2b675238597677526c35715171776d44537954324e72626f554b6f32786e7a554552344f4c6d6f4f6f756a5330372f6b74444b69304a42704c4e79534e78394943382f5a6d5a794f49524464725748414655545563716c456a57634b4a2b45376a716c56796f4a5552464c314d4d514d516762734a4b6b5a4b516949443862756c3464785065512b4d6a497a63694f6a6b42307a795358394b725841734d7074345752724a38744a636f39326938506c4f4d6f4163326d33564375622f716e52596f6d356a4b732f4c696534693671414e5339704e536553646850324f5945425438504b64546556655a50546b5371574f4d5835674b75344748676473616e78736f6373747a2f676b4d634f5179713377574376566943432b5a43635468736b4b4255736d416e5643694951455a635338384d746f53705177424555614c6530374a3148734677434667726745736245685051456e48787a45656665586f462f66474275502f64476a5a384d6a564e726455506e306e563556616b5575636f726445764a4f74785334706166505637417168564e2f39496c625a43424a77614a52674f44684e68554b76302f6a7a4e6b49587958703973584f6b364b7a4363344952537248327a4336356733325762514d2b6f455a385044354c7179744e4641664a54665530306b5269514c564361373648736d614f55656f666543446c6b49456d61494b6f7445764a6f4e2b4175717a36756342376d4d4d5a4549524e7552546e675457424f4e734a4f59413237706832414b5a524c6a6b395046707354697a4e744c325076715836526d704762444d625465543541467671316e4455797631523375396b3771675835495473634c2b57437a3543786e4f59684f3242486d507a556162686d49544754374575524b736d5279756a64782f6a6a772b696875686434447158452f4e44434f6b4a4e726659614f70657241686c6b515131375a496d70797351545449697067592b47573153576e5739376b4c3262326871475238646f74655457654b646f74773359534953636b2b38584e344e7634362b552b6843534776624d614b6c4d4a766f4a374d57787450526232655777562b32377835443946716d494a754758514331684d595353764c4f496a494e324672387361716a76485370505471583573736a4e544750676a4656316e4c436452444c634d7147486c346b6d45587342616d53513550526b6e33707a422f74654851662f396f596d76774a6a716e544367556b754658734169422f646454303548424d4c657641597a6c76417055756a344a6d3635464e59693133454e336b306b4a53684b4f4c6e706551454c424c713431446a73663330495a2f7a50497a556a37514e7447466742737137762b48676969727434614555526e754175564e4d4c42562f31726332356d55313245445163556d4336763244577371576f6c6a45635243756e47564867586248677273546c324878774b7a67684244746637735874304c7366494a5843713247515632754d717459424b7055326e6b516a6b3253586473756134525952694b4862584a6843552b68486f3767306c327a347272366377354f4c444e684a744d38464a51526879395074654272352f4a31784531463478725030574f56384a62436b3451415564386e5061724e4d6376705561436352476f3335304a3244564e6859654c344b324b686b36367865575a6a57687738587056494b715a59323263584949447a58416c6e4959777263736d7879756f44344147782f74674e504970396c366243386a793954694f2f45476c305a34364757692b677554523271794436344a5a4231784849424b4c4b54434e474c3858424c746254784c704879422f4b4f5976705a4a7a69715169316b793072347268484a36667a6a33324454347933776966563548382b335765626377624d4f70745471426c66792b4e565142345037745a374d6b767468657669755955356948636e70564438304a6736693451673879374f594a36654754516b73314877576d545631484f2b5755714464496c6a313235504e65426e393069774835583374684b7a723635715068476665676e7045595531774b31757970576755443879354a674a6832616d476c5a6b4d7430514564796d2f6648506b416f354a69636257703174784e2b7a752b3371757a547276325856376f5850702b706f2b7959704546364936476f5a37695a496f62384d5634446e615274375a4555496a4d62754a6776425838385334697a454248564a5330344249486f496c4c416378344e484959626e616a70682f425770596f7a6d4a43626d4174643949536b76456e6c653763534877776764746c5a6e49704b70484b557973325257784b596e776a676e4371356767684366464944343143556b5a7158444f6f30354a5244456c7056304c6f565465676b78496279456e4e2b5a664a7a74747367694f34566b687a4e61654a33487a67623461575645755949586e6c6c5547365655754131524c47752f57537a327152457567723933697979446d3032344a76594342394d773037483235433263447a6f4a53376e786f356c7542496b3735454a3253674351464c6a6e45536649354f444f35756f6859764e794c6f58365263716a6f58705278703563794836694a51535142434f3941437a5074614469415a71726979526a4d377757735774786f4e784d504971526363564e383175776b3567714450423977446e382b2f2f323939635931487a6d597479647957534566723872356971463775515a6f5873774c446a613261706c6652424f6c3242334a6f4a324554326a4b4c6d626c63497368454231636b6b76726f3179375a516d34525833367872374770696362454a77515a4e37642f64436257566541306842567956634367797533524c31435a526d763454776b754c44796a4a68786d494e437848492b69366c324f514b31726d2f6a6377464c466646684355535379735663435979786b30674b3776712b2f584c4a36574a54592f4848383632344533727267794851724d665a6370335a714778517032427064436c544238324c565559425230314d764259714d51645049647a4b69655230337a66616f335a5735474137613456622f2f6f637744472f442f45636c6a764f6c75755a664c37714669714c675a57616f56376863727171796d79776e427836305a644639554d6b545045434e6779335649736137744849494877693064633379374d7473376d6c69476933337354355976477475523834682b584f634c6230544d4c37494b2f6d475033524a3743316b52626b7062525a42714737426541575379447144777335696441485273527a3078693470526858387232416b394953734f37425372794d655a34746d2f6a6849355a6441534953457542485647324e7168346c5150494b4b7a2b59414c63736d70794f4f49684f534e636e4569376843505846357655433172413641545a465a695975424a7a473339343751536c36507252335977564952567a52765169475647364a6a71567179424f4a6d4a654841653257755a4c5471525953784f4b7375576e714f4833746c726e734a4d474a51646a2b62434e65783378774a586b3353494d2f437a64374a77797433424c394b7a56547030646c5a5746396d55514b586b6e6c41705a5849797651796935737546632b61594f59446a736274467555784f324d2f314563384e6d4e7a4863306f647537654f694e6e5a4d6a6b362b724a515a354e574d4b4347554662706e484c59586a776279673456366473794a486b385556306e5551544b476d7757426b6f723658706c527975756a6b534b7938747844685361484772766d483533505a436c432b7270485632714266706161776f36523257706e593648774a536d52706957705a59756432666f4f39504575364e63477449373737636352335879376236672f444e585546794e562b654e5532474669704b5375547143396e533841745a5734704b6f5a414e44794e4a33524c4f534d6167467373617a535a2b6e58634a546f6c45764e76544872766331695a657468793633744f74766159576163727570617077382b3059344a3279797877613336447633584f69694a424d55494b746754633068652b4d6e484d3777434f2b503664572f66357737697a73414b563868584677766f39344f5652584a4f7a53396f745252683070644f307167636762376f77444c6455387872387a53392f49456b6b7071694154644e757861524559754f6a6c66434c383837434d75666556783373374f446f59492b38546f36777437654469364d6a45704e546b4a4b5769716a594f43516b4a534d392f64334d516b2b37526e6152397034314d4c74754e2b53316335446c4a4d5a717434784b546b63456f6f4e4743745265436f324a5759466264384b755976664c4c5568496938753970317a6879504d364f36464b57553938564c344d4b7055756957726c7936434175787473382b53426e61307438755378675a31744871536c70534d394978504a71536c49536b3642543041515872344a77494d587233486c2f684f45524559702f474c75654978716d73797338786d366c36756e7a4332464a795a49753870724f51365875306a6139776a577a61332f4e3666384162326d6e776e50456c466955736e70306a4a536363686e4a383448484d73644f366c776c4c53477472627151312f49777832664e6d7549627130616f315739576770374d507a593039642b4f4854684b6e61654f49665862344f516e4a724b4546567562685272386b2b485363686e3736796659467442734232667333444f746a485a5575625733356570324b4269554842584434446c484361473730596d68324c627337587769586d526d2f65574858736547787434466932456175584b6f466e746a394336586b31557231435749525a4c4e494a6554313737347469566d3768342b774565765054423235417753337771572f72735737454a4a74583446485a35644835627a426b7a4b587a582b4f523071752f7137394e6f736552636a7657394b5757442b626e423735726c3145397a71714673445a7436466630454778387651306f7554786671374f6941357257726f33336a65716856755479716c693246664b3675624a6979705538585665474e69496c6c494e6a6c65342b77392f516c686e41794d6e542b645a5965677a6e364c2b7163443873623932564b4e57537039494c426f437344587342454944775a5243786a69564743752f4847524b356279676d2f66546a71743963636135736a6652426e364e5373495362322b3579524a317963484546634a436462616c6f3677714e6a63504c4b54537a657642506562334e50305342626d7a77595561554e686c56707a516a76776774577a55336b4c6e66353846327047486656484130485965554d7659384a44536f696d52385578704d6f795a617939734638654d666b7275527665664c6b516247432b644773566a574d37397364746230714d416e59724c476c704b5a6837366b4c324854674b4235372b7945794a74596168386b6255364d694654472f6667385563584a545133697a35414a576c70784f4e6163657953446338676353636563614e715031303566544e35735354354b55486f39353130666c47754d673357686c696864463135614e30614e7463395370556a484875595853303036456365624758527a353777624f33376f482f2b425163707932796b594f6a53756244474143726f7a324b42656357793161456f3964463567796942686e313973764c594e6b42573478497a454f626a324e7649746648792b31796b3053446f713055634f36643853415468387a554d72525875316b6c39746162487769726a3138676a6d2f624d50744a396172474a6c556b386f304e464e7a454d306957777075385335334968413132364c2f4679623446556b724b52736770537838567778754866623543326666487254714d305a3269546231612b4e2f3334354471614b467248717378677a7539384f6e4d476e46657354454a786a7a5772593932375a6b6453787233492b58334531376275575652664c4f69564a754b61705a57673469366a386c4c4d756c49794a685454767453706d4744395745754f3742504c794f745537356777783364537058594c68476a375974474f48375857727853556b594d487370446c2b385a7058546f766f6c2f3361634c6f4a4b6c44676471732b746a7141345034756f6a4c6d45787841496e32307067556236483875714d5445394977324c626f3147584771303157315171614b464d62444c4a2b6a5472685571654261335767453871777433382f467a66444a714f75504b596d324e354c3354586562416e545561366d664634637253366b4e75427533577a486f48394d736669426c68784c52625a6f4a624e4a6e49704243737644634e79656c4a56724d334244732f615651586330634d5149324b3557427670303643397134327370474d5737594f762b342f59705654334e742b4573713646745a4c65637456474f6d706135584b77524a324574584d756763304d6f6868697452334454457633504b4f65594c6648692b786972687a4778735643755a7a782f692b6e3250386c393059393544337062313645344347673859683167706c6b66557468714e2b34664a71714d54386e2b6d6c462b54676c7659624c49466f5534304b6f5a4b383443365244736a49654a4c486b546677782f505649462b736e47774f396e594d31356a775a58633072314d394a346469746d38545a49704e5347426765443758764b4135536a563664734b502f384f3266302b613766766d366d68787737356f35316d546457485875626f4c6b31734c4c2f73734a4b6637746935424c45335432454e6b325a5146344e62316b4e4d34344c325a53557964557932766b784e6d442b2b48337531614d6f592f617a58324b566d665236393863657a794464783638687a5263516c495445706d636f7252484375583955537a57682f683477613151643745334559754b76764f2f496652533959674d746136764b6e6e312b2b46546c514669786d777674386679316d6b664c564d6746757147526f4334584d4f302b43576b47305a49376866436a794d6f37352f3546684336754b46437544664e51745274577a705845305941614868474c5a6742633766656f434d6a41786b69466a2f6950424a3650557134346b664a77784832345a316545524333734344766c754761772b664b7148466248746d51347576556164514f59552b57524b465955573867466b34705a473975542b725a74543952793970513037417264502b653348612f2b38637266585274324d627a423835454b5331797133742b734f6e474c3577465450384b6d564c4d5136545a556f55516548382b5a684c3934586657397839376f314c647837677561382f59684d534d57564144347a7430773146432b5a6e336950436d72486d4e2f793836782f6d7636326c62576778456e554b6c64567a6665636a4944504472526c312f7547346d6e41363538536536797958496c6a4f4448434c4e75434d2f3534634a784161523774476454462f3143434e503557314841336c343068505438642f3978374277395756436341536b7a65497137774a436d4673487375333732556347516432626f74463377794275367336756654464f772f515a66783353457932487058766a6f386e7743746663563464642f5674627a6d34705a706552384e4278437a7069747a567859324a52734574414b6638642b507332333035796b466f7a4f523532374a755466777963787a4b46432b692f47546d7769664a792f6546727a39367a5667452f2b41777a426a63477a4f2b3673504d684a7761367738594177724573705a326f4d4f3349494f68724f56637761577450702f7932564959417445655a7032516f38394a737137644d6878506374426e4d36344648626561354e526b4646772f65774b63484c4c6d593557576e673436694f724564796f6d6c4e626137436e6e62743344384157726d506f64542f647659656c683152392f4d31444c4768716476784e643573484e33706b52306c6c42585379586c65596736355533317973484a362f64556b327263354174663642546d394558354f43574564576d78456f4943347952316b596774414c66394f714b52614d484d306b546a473055785866332b5375514e736b764b41514a69556c4d4647475241766e527031314c78734852576c704b6169724f33627a50754d38307256574e48565a6757446971666a484d4b697a72626e5a4f4f4e6c6c506a4d327664715967764d6c6c456c30463739797478543247314e72482b535650394153695a3739517852756d6338745a622f335274774d4f573031484951576c51373036696e6659476933446f6f3157776c4a53646832364354326e72364978363938475655707155363537616370333242557a3837575168384778394631776e63346675566d6a6f2b316f6e74782f503778524a45533165724c5845633477724261655964626733434c4345547277324c515769374a74766a6352747a434b5a38745a64654c6e33412f2f4c386333776a684143682b664d76384b5577637556776a4665756b465274772b4e4931704b616c777175304a2f703162494e5739576f79426a704b7042415747594e473153764479644642726a75722b50766d66343568314f49314f5436573573577134736647513953456f484678306e49477058434c7a306b556e6c7547514554596c6f3654384f74485a376d347030543437713658712f41672f484b4f6234527741475176474e4f6e4778614d476d5251486945594e66576e6a5468302f696f6a33452f732f7758367447384e563445687a756f6d4b444d67696d6e764f48596d51694e7a316f6d3052376d6d6d4679726d345a414f49464e51754f326d654757616b72745179496c325068714d3076444c637269546754794b4f4b71565a36666b6b554b3470395643356a635657497450436f474937372f43556375585565622b72577765505151315052532b777a6c39685959466f476838316667395055374f547156736455376f322f466c75775931494b3642727179524b4c6d43744958766a7a63306b4e415243417332394c77494f3748445176752b69474b6567356b7369374851477047456e612f2f416c5049334d6536347164416c714445563930777070706f2f582b544236775533376169462f3248454b446a37797762767059564375667536337833456d53756e66752b6d31593963632b50566b7175796947556a5838304767776d686572786a6f6f366d787a616d575270654357616a4c44516251664d455239756d634d61676e30584f4456564b33545047682b3568426a58476f5539727a384364347844374e727a59332b44746c4848762f396d353574354f4b64682b672f2b77636d322b474f5254507753534f2b3234625248374c434633596550346678502f3650535875614579322f677975574e66344b565430386557644a527854563077467a4141416741456c455156524354734b506174584c6a794271424264715a54552f4534466f50385279456f4d314766682b57755a7753346c4d43734b6556367668483265394d6447304e744d4839325a6b4557306a6f7069316267764450515a30626f74667668305063705733786b62324747706b687a473250586a354772326e4c3849722f35784a463154466f78546d31652b4c6b693446576673482f38493155484e64414c386b5a57754a62436d715362582b5663736749675958506530573539625874354e774f494f55763734453341704b65493239723959674a50474e7358755872632b5437654c302b71587763484e6c7676736d4f4254444671786b6b683163336259473554334a44634a364773472f4a7a372b4f48587a4958774351686a4852632f4342644371546a58553969716a4f414d4c585153665466774f353237647a35484a74536c5245314e716661474f4a75516b62644443655976434c53495135714e36566b5a78746d554a375a5a7637425073382f345a55636b684f624942536a2b613339305632785a4d592f7931714a474237635456327778382f4c527041385732457158667938707a4a4476735048555a2f2f763742454b6a5968687276706144754f64317773434f4c66423174302f67374b6a4d5532442b68742b7865504e6657526d5353652b534672462f705938787641725a6f74526438437a7050413273416532577041753853465a4644734e515457513469433672435a644335644b456176585068723070645a7846397878666d2f413836686232652f2b4d68445472546d4a476a6e2f6644652b504b514e376d72545a32666e53675173334d4833646e307a5a424c464763356e6576797547646d6d74694c417633333245316c39507a6334704d4e397973585045784271666f37316e58514f68746e4c6847656f7a71454e45756a4f70452f44317659415a7569414330524746764546507a6e4e536d5a3245442b6b65686c2f4341652b31534d764d325768437564326e4252766374543157542f33475946536558442b572f6e74346443772b6d2f596a2f494c44445836716949633744693666696d494650475348524a47475a54735079485a4276624254506978752b4257383870566775596669664775616779326d45745958334d584464315554617634724b4839674b62676c37705a436b3730526642784866482b563353527265494369384836644d78456c43686530687547496a6d485871537559756e59482b3764432b647a5174763548714671324a4d6f574b387a6370434552305867544849342b375a6f6f496844716a415431412b657931356862337130342f7464694c4b67306d303757554a2b6c6249466245326f65317269616344366f6353544d447269566c706d433032392b7839586777315a37344c674449325068396f58545a4a304e5353414f444976452b547550455251654263386942644369566c5555386e446a46616930784b546e2f6259586d772b64525745504e347a72315a47524e387a52746838366965474c314d4659326455366c573649616256363630635273764b494146364a79644a6955595179786b5757474d6658504a7a6c38676553446f344b394d307036516e59352f30546e6b645a703546516542424b46797543507862505150327158704a6e7844636f4642734f6e4d6242437a63526b3544495075656531786b39327a544334453674554b70494159756473662f744f346c726a31356761723875714661327043495a51386c672f494a435562336e6343536c694d733153766f7739706b356451656762636e61616d3668756269466e4954334d38666d70754d77456e5953536263554474776941744678437045556a52625262756e67566d4a6144483537386930696b6e4a47783237736875563363385775706250516f6b344e3056654a4f4b61742f514e58486b7262644e725772343446773375685a474631694b7535573342454e4f4d56585a5443624d335953413570382f565533486e36306f7939536e6556523257443365322b517746484e303753616e706533324e5852777a71762b7349537176314d74597452654f444f45374451517861787857794c634e754b55497467586f6955556e425750647744444979633065354d4d724e2b2f655063394778615832396e55314c7a384438545876782b37454c6f736b5374432f5932397069624b384f474e4f6a76574a62524c6163534a6d506b4f7159457374744f58673857345a443873656d316c4e41726959386f684279456b76434c534951485165525373696c3032344a325a597765455553626b6e5957703546586350756c2b6250364f36653177586b5a4e69305a6a58557131594a70597357516236384c67674943346633327944636576494331783438525842454a4f49344d456a4a7a7539624d5a63706b694e734c2f79444d48376c566a7a3066735041476964374f376a6c645562686647366f574b6f59437271374969496d446d2f44496c472b6547464d37642b4647564e7561575234584c2f3345436174334a4174666c6c666c47754a4d6457314872784357554f636b35674d747951676e4770636a534f61303638673045514362756b52436365674978615a794858474f4f572f465665442f6a486247614579424f515039575748316b775764672b33764a4a39683056464d783634667830377979513653453552706d61574970442f376a2f44784e586245525956673259314b364e646778706f58717379536f746b6761636771747959642b76453156744d6b757673384d7636767545774e436c43446f72714c5254613366526b456a455a52633850304d68346b72464549414c7173547a63306c6b764e7a32656a4b414538395244703542524b6e3032716d63584a6e576f7468463244677950596d373077766e64656635496446444a5a57544e58776441546e6d6843736f70537848492b5474504d50665833526a5173546b364e616d444967587973646a5a62446441446e644538534744352f3649683639384c446f53707a774f324e786d426f6f346b5931474c6e756e644e557a6c714d6f464250306a496c6a61687a5265664f4b42625562384d5156776930746f516d4e69564c784a484570455668396636685a4670706b67362b2f36497a4659373569413574652b5164683764386e384d2b466d347a51536f744678545548666170327333427a305755564a506a7777732b6638566f39652f4f657754464a4551685a72656c2f2b5678644c4b4c4b4a5964445535774e7a624c416d6b374349714d78644d454b484c74735761316a42666553574e37344737677953526f4d654a6b62304737707a7163476a6e476769356a785544526279706761527a4f4678554f5557686e35736f76454a417a41725875684a3348596435315a3971396971524c345a3956386c43395a6e4b6e6b7576763046617a3436312b51526f646331556c6a524a416d4d6959657265705578616f4a4130555047326c6f756b37384469455255614c6a49746c6d39394c5a544268746472644751326568524f483857444675414d715177533848476957536d37443846795944764355723572597158687454617657426b3630364e4a6e4e55434a796e6e546c4949576352486d464d794578735a78455453416143744d73754c692b576353705379486245744e753059322b7a3373706e6b57614a347077356c6466597537584135675a484c747946315057376b42635168496a54446f3632474e612f36366f57376b7366495043554d6d7a474b71555562737543427456574b4a4b53315278536177564b3151416679326569635931716d5437385777346442614b462f544154784d476f5853786e4b7475526537396c4137496b766151506858615970425842396a6e305758575a32555170544b4a3574547a45493042783178687a424a444a4b4f72483957346d73685a4a506c735371637445455a3038594e56704f425758476f452f6e672b4278464a62383179304f377458492f4b5a557378736b616e795438674a6a3452517a7131776b4e765031782b38414a646d746242397950376749783168686f52314e61444a7a426c315162454a6572584b69464f5259465274584967704c62392b4f3942326256575478794d71684945627062466c4f6e6b777530483644463141614c6a346933327558485665364a7a6d61616741747263677346796955576b6a496c3648454b684637447147773242364f415a703036684973756c744f2b5749653357712b68622b4e646e4e524c537370344d67446845394955447a475a744f6e6747693762735134304b70624268786e424578795769302b536c494264764f6c6a4e613161573364527244353567384e7a6c6f7658454739656f6973317a4a364e6379574b792f5a6a376765474c4e2b4c654b312f3850476b49476c6172594f377546666358464262425a4632556771474b4f354a3430443650486162573667654357554b756f54376f2b6d59486554754a386c6f6958474a694349543542636673726e31412b3374356d55532b53434b586b32516741316543397542793447367a6c44736f5561676776502f647a7343702f656476344d54312b36686670527947646d6e44624d475946567477384f4a4e6a4f2f5645524e3666776f5336413031536c5477785a54356a4b3145324b6a6b382f705a343148415856327a4f7a766239694d584d48665448737764326f50787238724a364d584767386268746f5573367137324c706857717838616b5970583078696934416e5a70676e755375306b374f552b71766f78586e5a3338667252516e3937477255305565676f554278757861644734496a76576e6a4833444c4c2b534b563774766a756d4365654b71466b556d314d4e515a45632f6366496a4269333568754d6476733062433055414247586f2b50543244495a436a6c322f77786b64724d3778374a3679614d6a4a4874456c2b5157483459755a4b3548664c6977335468364e4d44736f68493739666254474c6569456e44345a4161686173794b772f4638356e4f3977694174454e516e336f6c634d7468594b3735674e61315670412f445073666255516957594b6b434c74564d53356659774b56367946524d6167376468463848427a776447564d795366343734375a6456472f4c7854446475306a594b4d356f305967456b446570694673493374684e5338762b773769565537447a4d75366e752b6e34446968537a6a7a795533747055372f7361335031736d62323852352f7959566d7341717563764c2b72577a69635366634f664b58424c4b6e78584e65716a59377a794238785a746754633467684656344a3234324b414c6c3542626a4f552f5033737875566f55724f71364b4e6855624834654f78435273313761634e386c724d59366e66542f694d592f634e613369506b714c686c2f6c523061464a50795a4173386b7855584149572f4c59582b38356478366a5050384830415a395a354474796e65343663513444357979546538796b7635664b5777545461673945525864504e6f7369312f73694f2b475761695152694543695a2b3069374b69342b755773776133307a465273667a6f4a59556d2b4a69326531457454422f62456f744871314a54435274716f48336363597049774c2f793674797a456f76644a55304d6c6b626d745a4a4643754c427052593448533230396642344c742f794e4871306259656e6f766d5a645236576458623733474b314854464836754648506c585974686d6d314236433857306c642f446b6e3451647a586d566c456e704b78693469456e536c7835322b2f75693475677930774d716f6c5447456345744854454c664c57567736306e6b42527a32575748324a4e575679336a693150706c4b4f5368637a48523767724a49776e4a4b557a69416e63584a30552b554a5174735868376461304d625774647678614f72466b4547787644517235527038474968326b6564312f3434727466642b502b53312f38622b70517871556c4a35705051444338756f746653466b646a35424131415168486b566f6162696c49674a684b56497a457131715454737763634664514b484d716f6a347a48434d4f6c516a592b75543051685039732f7147757139372b546767455866444d5933766275617a63326a3162444a75504c67436675746c5a4e48596e5376726d59667536454f4932506a736550344a535a744432556e75667a674f57504237744b7344714f327a716e6d48784b4b386c31304f634c4d4f5134696b4b6d3142364b436d383659793771473847526b4a5a78456d526377653961463531684849474948584438686c785438306a6b34386a6b4c6c3769386f322f67774f74466d6d4979356c78536456395679355843696b6b6a5154633946374d712f524b35555843354131634f49515841777a322f5a6a75383867734f772b774e752f4477315273344f64716a53483533786b7434534f6457634c43544c756573644d366d506b6332454d2b4f6c6f46334a56774b59327174676644794b43337677537334304d4c4c6e75552b4772676c375a59695245416168645549426d4c706d715867566d7047416b36385759746e6b52644d3352505a393267656c4e794e717455574b326863534774535369717533482b453176567173643868642f686d5830304556583174333651654471356149447347637a39417a6f395066514d51485a384146776348464375594430554c654d425778705a6a376e45492b794f4e6d6b75544c6862355442486e417068536377412b59725259596e6d726c4d45746f37794147556f534d53594f7236596d454b462b5765732f706156496c675670724f733679705349465262414c662b34687a6a6d74776f784b63455757565274703151482f4f324a763042784963613033773463673339774b4f7650786644547a457973324c455873396474785a5a35553567596b77394e765149704b616c776257345a445a71486778736d317879414f6f5571613251502f53547077686f684c4f6377677a47525065744546384f726e5a424f3273427a436a4d646271566e704f427934413763444e316e38664e46716c6966777a73553536306949714267715738577230474870673277625077773368694a65797a363755387347446b77322b47567852637243782f77437778477857365745644a64374a7759416d6c5570446f7a516a466e562b62335971355149746f742f6d585058483171375a696f6c6c61394b4b7a6e427845492b77735241556737454a37674c6d6b6e45564542717a49526c5279412f612b2b5133524b5542613252506d72523963755a7570304b476e6b4c6b474f696153322f4837304545775747414770656c70676144674b65726a425067637876354b355a4f637a46426251614e413469337a533173595745327632523676693965524c504d7455452b416464766243567961344d305130544d74426d4b6b4b4b55764d4d55776d663559495656384f334937724962765a62424d575756564f7031356c50484667355479554b79487455456a5966752b7043316932625464652b4c31466c78614e73484c53312f41736d6a4e7846705a6545335033662f4c714c5851655038666333624c396a616a36426271556163566f4a4b586331585651694f395272677875366336374a4463696d575259745a4e73774a534f6e556b486d67674870656557496d426243576c52325078346b466d63456f335a6a564a46432b473745515051765856544a6836456966396d5a70714a71772b65594f373637614238733852724f7a5a7077446767466a5a7a6d68786a787076626e743132364152474c50724a597350755672594e426e6c315a654e42394650654b6a6a6752734174555349687044533036736c4d30637a755a6f4262475a6c704f4f762f507a794b794a34304d574b3752584871464d50683465714b784a526b2b415747674970745569506671736e39653242736e3236677a4f30666d7649566d4c7879506462754f716a3842534f66624643344f7162574767516e57306657534d6a7a784657516c46415a4a35474257305167617572685036674d626f6e424d6833334359682f69434f2b693547594a68362b617553616d6631783876594e4f4c6b72522b304a5a7039554e6e58596475513055485574533757435468355933585136334f335657576c30676a726e6e484b4978464a77532f55566352424e373170426e452b70707347743949786b58417a3846592f436a79475469594f7a7a6e5a6d3434394d3771775054666b4b6b507857726363777641304a552f36536b5538534a4a3558377876554b565456634e49476b61724a51733850396c774c334b6e3056635569766c744549437946536e45537058434c6f336f4c69482b456b33374c454a7361617554535a4f2f6a6b2f7233774a4b7858325876527933384e59716e333354674b495a3062592f425864715a2f57756b2b66743037437845786c69326e6b754c3476557770645a675473456369635347466f5262716946565437466c6f45585a6d46596e624d41486869656f4d7a396b344a7a2f4f6a794b4f474c327a54463368795366585039397261495945584e2f5739676635655369773066576648733758624943593738376663306d706d37692f4b38484d7658617a6430323754384b6970644a54453432643965382f6878744866425430786b6731784e397a31794268643241785a324869497756334964554f6156582f6b42587231417532364b2b467a43787262436b56396a7650513255756433616d354f6a413436732b5634796c695337786838524859765250367a426a6366504761664c6e702b304e436c76623370364f7471506e6f6d377a313878617575426e543878367854497857546373763968797a2f48444f59664e7464484f3552716a6c485665734647706661674e70676a4b77747753386f7452545734436e45517452516b6c78354633775665664d442f65452f48322f69634b66686f374d5a5149725a5a51372f457a4b4757636278544f68374375642f39627775576264764432474b324c35686d45744565763349542f5766394150496f4f506a544170424e794a794e3549367635712f414f5a6e6b657562364a726d64544b6f354344554c6174784f39444b3753334d53726567674c43576f4a5452464d653545494d774c596c5a4745374464712b694c4f4f483376626e574a31763661647577447259746d4d704c56356f7448785a3868474c6878793562792b514b706a6a3770654f48345a4f4764654471596a6856455856444c6a4f507648307863666c36584c7237454750376649616c34345970696e30785a71356e6274786c556f384768306361383171576e71315836434e38552f314c46484c556c6e506743394d384c772b7079353735765a7a435353524a2b364171702b566c45444766463547504a616648344a542f4d72794a745778617969797474736a4c5251766d783659356b35696b317a6e646f6d506a735854624c68444f70797136417a702f676c3666744544446a3670497969565570766e49663966783838352f634f50524d2f526f3278775575304a63784a794e43486a3537337359497973525a4859314f78746264433764436b4d7164396367486657586a595a6247694c526352626d6170454d466d536549774c68665578416757786e4375776b72324d7534634c624e55684b7a337175712b786166506f4f75544e4d36506335356e3039554c47546f795848522b55592f6a702b46744e2b2b6856556b364f67687a7361564b754d726930626f57794a6f6f7a545a4870474270362b3973504e783839783576706476486a7a4676474a53597a6d6176617776696a6b596437694f545266436c6e754d50706258487634314a4c54462b336249593839686e68317836656c5733434952486c557134346f6a484e4c5551316b4f4967326b346d3445555a617536566a57366b5a69626763754235504934396c2b2b4b5a3434506c537862443666584c514b6c467261565231766d70717a6269334b333754413254314c513076614752444557754e4236756554462f354544306274634b74725a354c444946386e6f6d4136456c632f4961476a674a366a50726a45443977682f786f6b626c4f596d3445363053375a5a71594f5854764b776d73755a386958793855636c2b4f4f497a433347704952625a6e4f7a6f644d37776670673972463932664572784e3469443348762b4369657633635a6a62313945787351784f58484a68612b417579766a526c4f766d686461314b35755558635a476b655838624d5a5973334a567461314a4d5a553734734b377155592b55725075433071446f67465866464c6b5774526c4635633149444b616737435043416a7142754357772f43392b46613045617a4a3250497a73326762496d584e712f4b6b62536953755a4a68424556473838552b7147396f7570554a4d426e527945654b707a7a326353356f4c446b6e477a455255686f4831653948397a494455564d745373514533546e6d3550496b475066303535725553495a55506d4d586a794972465a41524c75312b385551524b65594a784631546d37416c2b3162592f4f3879546d577553516e357937316265496566575a386a384f58726c6e463845686d2f4b4a63652f5376314555512b4b524563426548577a6f5a6866364c6b33796b662b557a47686c455131306d554b5266374657633850764f4b68597671344d6739537135766e647133744273325647794f716163664a2b3056596375584d586f4a54386a524548317265776161783556486e7a6659414b713543386e485848496e486f46677277673649724c5356524549446f574931504b536f527a6b46764a7954647a515554794c6a53434b3154426474324d7353687552514a37547130744a613667444a502f6e4c7563726170644a664f74346c454f5532734e5177464864786b6945544d6d716a6b466a334f494a6166723533574771512f4363585455532f656f48367969367a67754e52674858343944596c71456b6a6e6c696d64494b30522b544b543666642f622f72502f3461743579786b56723755315576304f5a6c532f4c53576a59526b435547774531382b576f75726e645659645563683277736b676f51427576596f2b6866384356794d7451372f596a4c55747144486a6f61776f6c3761735176554b5a593135375a31364e694578435858376a5261746b3249744536315471427247566538504477664b714b6d7a6849754862686a766c714968454a31676f6c507a386d55536e7543756553677a4d7856586739626857655152713437354d48557a4b616239774d72353843705430745175637531375a48516374327764646877356264567a7947766e6a436d3168714a325157314a5050454b4256704f497136413070782f7a55793532564a556662334f63684c4843547658542f584468567478616347343850594842436338734f70464e4856774a493938317249786c6b30596a744c4669706a61546135376a7779426d2f3835686b6b7231797575485a2b546b2b7862735174365675674147315a51454849533037566271693831424b49663036477a726b74464849596b50735435743073516e32725a5a4841357566686b7152372b2b61644d5369434b6233386647766c7a44563277457339383375534b366459755742577a36333744684166777a7246474173384b33464a393658574f37367a494c416d666b3744316f7a5579696661447232504f346d4c4144386a49544d385643326e71494b6c6b322f656a76384c494870314153624c6635555a65756c5139697077666330747a743366466236325877466154645a2b6e634f4a707070523441517667317065567a756b4a366571466b5244634e566f42796c68794e335172486f547253702f6c6c6755315a5a7832747261594e71675876756e564651587a5a583939516c5047624f7737564c5757796a74764f586a63366c533668755a434e70476437566244566d5844557a61783531694b6b796a5162716e365643494f6f695949746e67364f787152636761616a32566b7075444d6d7a6b49694d39647275334748687275387852394f50537a39706731744a39462f5a36794d6b5a543379553137737931762b48582f5565526c706237454d4765396d7442684d4c434b5a465367716134705441456f6a6e7a6f6c4746556f5630556a4d54636544564943536d71584e4d76552b74542f7457325054644a424258655263612b58677433626f4c4b37627652584a716171366345703941784e4a5961624b4563764358764263776f4f724e6368434f554d367869556a4272626930454f783753574771325263345977303752356f746372396f58727336452f465873314b35484b6c34613636316945744d5a4249382f4c426c462b4e536e787462515563502f4b2f46496f454d6f6a466d4738564a524e7853656c63367235393656414863386f2b376772502b73334c6a656d5a707a4654694c546b3144544678386168537268544739506f4d66547532735971734b4d5a4f6a4a4a794c393738462f3438646a62584567664e755761424b70685664797a794d44494933324e587370536741694d3445796656712b4a357874564544624d4d424578703542537457387144384439774e3951795a59434e33656a73664a346939635a39325133726468314555486745386a6f376f584f7a686c67355a5251546e35466232737333415a69342f426563766e4748715175666d3175337375335272314933745231454c4e7569586a53734558434c434951684472464145774f63354f4c624266434e505a65623139586b73512f743167477a682f66482b47587263507236485362556c616f2b6b6132457649447a75626d6156414c4f3541455a38534b4e396471444a35693861694d54674a586247385772543677354841304b3139526338765350766e4a4a6538615632306b306c51353645676652724a49346b596a6e375433694d787952796139792b2f71614e483433463264633372716179515a504755682b3358384544312f36774d6e426e736c43307164446137537355344f4a4a626557526c717136772b6659732b704336444d69785230395336303071346c4d62374755486a6d4c635a65536a7244746a417874556a2b6154455a68657667324c50694262344d6f68427537586e3547564c53593936464e545a7044702b336159612f6c73786b536b732f39664844316b4d6e384d66683034694d6a574f796964537257676d393272566b79693851444d75705269706253674f3037642b5475486a37415a4e504e794d624d354a5963743455634e757152424e3856626b334b41756a6e706a41536157722f707530646b756e4175613770616836564c69676b55466b6971344c344e59667a393776656e326b7a6272782b31705572366a32397155734977396576736230315a74772f745a3952744e4646584f4c463871506b5432366747435a75645077474470386c444c6f2b4a56622b47484c546c413171497a4d444c776a644d464f32396e5743534f71396b65546f76563038456f73706f4f6e6c54565375305545496d7041455a564a314253596b42714b413936394c486b353549712b522f587367755554527643796943516d4a57504a6c7033593850646830482b6e704b5578784549432f43654e36714a643433716f567134304138386f427035716c4753316b5a424e6961534449365067387a59495a322f657735464c312f444b507a4372585676312b3656645066466476556c7774644d6c31684d5645307a4b477171525162346744714c685033704f58574a7743304230696a654f2b4c78624764464e4f516e56797066474839392f6979706c532f46656a346c4c59504c73487231386b32487264476452624156784757716c69685a4735544b65544936723869574c4d306b69694e4f51687178492f6e78774d4643686c334c6a527358474954417367696b4535424d517a4a5370396e3462794467582b6751456755706176773974534f5576306235556132575a5455794657305167576e7a472f437667484f72663851306f6b556e5063637876785075774277626e534e3639717961507843435245674f5542765472525438783849626747416e7735426c4d5755476934754c5a66696b77692f716876784d336f576a47664b353534654c6b424164625778544935385949314551555a50454f6959786d386d4e524e6b584b727036516d497945354f52633554746c6a6f4f54333845444b356f7567464d65422f473830737a42315a3162725877696c5939585372756c2b727a4352666d6b44514b69435571346958502b553877787a317a667834424f625a6b306e36545a346a614356616575336347597054387a747a79334562784b5455316a584656436f36495a41714c6e74586d6553496757532b334a324b4449474d5a774a5561337768794f6e45726b6c6c4f6252384a35333471666f334f5a396d725a5179426a474e544b47676d3347414c525568664c535551376f622b714b5449672f676f7576503032703962487172356277624d342f6c32396949464c776b6179416356307a31793747623642346a457a5646716175416478422b496d464e4d516e35544563416e4b4157566a6f324c2b4a534762434947346a57306547385a6e696f52754f697a306648626d7973337044536a676d422f66315a754b516b344652597a62756e4d71686f69347a6f78633543526c635664314c333952334a4a7541473446786c2f466862637a636e7164724f4c37424a756f3544514a34474b4e366e5651526e527949332f34796b66786d4a6e79787a5932544f6f6849684969447248556f346f37664963652f4c686b532f53723141754f4e766236384570424952307459536879537945434562497059594355734c7050514e775658417a34514344614d7a6568623363734854396338676a533755354a70736373585974377a3136395a2b36643571564d5a31746e444b30794149324b61465337484a2b71724d4174496447774d4b31622b55744d524b46576b3655487430534d4b3852424c675a4d4e352f44664e38414142544d53555242564f2f4d633346765457745677356b4e5038724f344d6c725038786174786e6e6274356e33464d2b4e4f4e586f4c52724b597a356141534b7578436b31646b30784d5745724d4d744652454972334d4a31533558757857572b41426e2f4d635950377433394132795a775363324b6c6f647047787364683834446932485472426c437834337752735259746b344b476d52527468654e5842734c5652782b4959644c41314157377874466e302f6d634d4278475550784454436e42595756547963357a306b345955575632453350592b58523552357738774b6c6f6c6a51547342793965342b65644237447a2b507670384b6c6b6e5954506b4a5a76554b562b2b4e697a6c5959343145397741352b30517267574d6b6b62775555797667746335526e7a786d666c4c6e457336526f33594c5a3373553641784e51512f4f76547735513576725076764471304453554c467a4a36666d65753338484d64567677364a5576556b6b7a5a5851503738384c704d33377274354d6c486372773659436c62376368614562687547576c7444344b6d5069494f582b797953446970596d68476f77396b5874507169413550524948504c2b3750335a4751557a6658503054385a39784a5247446f36484c3137442f6a4f5863502f4661385a435468627a4434322f417552373958507a5662437a73574d4e32734a7a617a6976677342774b4f5a4f4a59426c7171376c2f744f346d75675443664e78456269566756547366396b32563963434d656668497a5673374b57445751363970654934393139343438626a5a30785a4e66715833466179306b684e2f4b353437315a77723441353962376c353545574b2b686b4d422b7647436552686c75714c686f4359624562787a2f655546443734646566497a45394c4374375a785876466e423352372b326e6242752f79366b5a356832617863706b41392b522f3430323379496535414c5355524d4c43376465596954313237687976306e6b735a4771512b5445584c32674f4659732b38766845566c58315661737932456f4b50574a5670686b4e634135744c5743644e38463361654443495a7571456362724545776f6f64656e424c4e7741753344722f646a7843452b395961693279726438423754746a396268706d5050624f6d77356368414a5363596e4c716862705349545147584a52725955676c376b6f55734f6956532f6b44684f596c49533074497a384e546e4461342b654d494f7763484f48714f36396353436f642f677a4f30623644317647704a5455697735524976332f586d353775686170677672597956304b54454f626e4753744574463142496864696c4c4d6f694f4972564631316d433057674a684861535779464c34524e7a324f4b4c59756b502f4c506b4a335274326772523858483437642f3932486a77627a78376f397a6954655037367250322b47586d654573503157442f667834396779487a6c6a50504f447334596d53336e706a36355741557a562b4138534c757633416d6470302b6e71746863642b4b6664484f733631364851514f74464c6e6c6e6c556b704d49497734466e49586537567a327372514d5967427550597659686b63526d334c30554754313436374f4c67673863416f756a757149507a70494e35382b77714c74762b4c59746638554338726b3055735a46334f695558615658536650592b334f667867756b692b764b35614d4749652b375436466d374d4c4f36547a64323969384a4c7634424d596b4250444e4d73336831555a687162466d76447a37316f59626a45456f714d79595634676f6543756f54415638436232464734457a7a664c78484f716b77344e6d2b4c6f6a2b7630506b3951354d3954527a48316c3557496a496d5246584c5062507752545770555a6672524f4e6861744c416d7753306935713048543244463733755a5742425367646171364956664a7339432f637256394c3550666c7a5431362f476d72312f6d6978723564512b61622f6273304a50664671716f35714261482b703054706c4657344a33616d305036733661546b49702b6f6e2b7a4774566c374153656a7673616b2b4f4f55334b46665842566b2b6568496d3978346f75652b7843516e34396444664f485435504634487649562f61444162394b5239695478784b667337356375692b472b7151757673354968656e37524131584b6c7a58366d69446a326e666b506b3165755a344b6d694574554b6c5547585a7532784f6a75765a48665454705278434f66562f6869316d536a4961545a4a3246696835334c644d626e356237675738387444626549514c6755715a59315246532b41694a4a79307a414364382b6a45306b4e7a594b53447232342f2f5172455a7467384d6e46576c495a4153652b48726a7a764f6e7550376b415a362f38634d4c66313951566b4b703172566c592b7a3466675963374c496555737639526e42454a49624d5863366b477972696b522f6639682b4b4c6b31626f6c78782b53492f5246792f48747148723563767a493162686a7146366d4c4d52324d3037454d544573764f524b53326a6467354e6c4946725071303742573938676669636231386f6b6e50544d626c67456b49533771584b7865376473584b324c747775614b44705a3067775a71347841516b4a69637830587942345745496a6768485646777351714d696d482f2f4f486b5566734742544d45644970414731627a4d756a346e72747a4330415572454249527858434c395a4e6e6f3266725478522f497a6b31425a326d6a63587057395a52306c6e787741486b6438795048787576454265364e6263383633697236566a723073367a7550504b654b69427356594a7852724b7465392f5775614b52675952535053614c435a6137694a3067632f49544d5739734f58777a615761724d3962666f774e552b61676f4c7470316d2f6878744c74765033344959786138543144504251744f4874595830776432417455583851636a554a76352f79794661762f334d3932313650564a31672f6552594b47444550556b53304844635543556d3579365059686b6f2f4e31794d776b36464f64376e416b35695a753257716d4d5a346942717159666e47536d7047395a36433258675664517550417a5846334c4e635267733151645a6c696c7172316a42517467306252342b71642f494c4a2b4b6a6f764435374d6e4d6a594862577452707a71327a702b4b456f554c6d7555626c4e4f7137636a70764b4b6162693475324452394c6e7132617166344733764f6e634258532b5978334441334e584a574846427049466f57357a67726970556d3178434a54706157454273305a317a63754b6a684c4551675769346858543942584c73564748634f4e304d57674771465748747a7472644873334b56304b4e575062774b4338574b4d3064526f344958447632774773554c46733779385064664f49302b38326541386c46706d374f6a413359756d596e325465706e75582f7159503365667a46682b533936346255314b315443662b75324d596b65354e71626b474330476a63553367482b636f3961356439724671794659565647675079792b4f64576b4456526f4e31696e705756725456457754494d514e564279304534716a4e75522b706e316356317441505363707149705075344754496669576e5757364f51434b4e6e37516159314b6f394b6863707a69527a4334364a787643646d33483038583134655a62476d645762554c7967385a363433424e553463757565505857542b3951396669344f6635596e50583466597076722f7a354550674668596f6533476c664473625355524d4d486d7053583365617270592f694a50536b637074736577757469345934445549395171724c783157747541344867706a4f6e6a6e6c7564627143436570454f5a7130596e6264422b4d434574454c644446694c63796754317641344f714657694e4c725872497465745275676d4a752b6e484854377a58472f6230444e2f7865342b4d36446242362f4852554b563357615073465a52645a66324150766c6d35575052776b6872347a6c2f72525a4d3647484e46377a31394566316d4c7046387864585a47536458626b4444717456466e306c4954734b506632374644333973515a4738656646726e36456f3575614f69362b6534634b725a336765476f54676d426945786363694f53334e6d4b466c2b374d5633537669717972445559695252575171456d515262716e616c373671755079425667577370564153314f2b482f51692f32434e5755556a48326334657a636f546a4b7150396c57716f3453376838484e752b377a43734e326273627a3047433071466b587377594f5135733644597a61634e4a5966666274424e78392b557a79765748644f324c646a4c4647396374396d4954706e6c4d58347452316164383334676839507536416e79664d304c4f46714255492f2b4c62445773514552324a6e373859674d474e6d6a4e636842707035774a6a6f76416b4f424176516f4a7733646562495a6f336b654657475a39436d5678493566746c7866374935354250415a46773470773043367359626847427150455a42332f784c4a56384c594551626e6c483738626a6946397958413670556477544d3970325173754b6c56453472357369546b415466786f55674446376632634f42506b746b6546777a4f643944475933314235655373577a5a7539666d4c58785a39414e4c64556f4a4a6563476373554e3633572b726d62397a447775325767437252696a5468425a4749436e4a326373476e365048527231706f3366334b6247625234446b4b6a49724777302b6559314c6f4437504f496c34386a596f704a546b4a676442544f765879437a566375346c36416e353642314752714e394f4c5243516b6a77797550425235376451754e6362414c66575a4639486361732b2b566f5a7052787945597a785266386777322b4953553054534131774c6d6f72556a46677a545631354e335144466e4a31773852573754472b5a54765935636d6a2f47584f6b304578305a682b634266323362754a6c505230686f73732b586f6371705774774f53716b6d7176413939693450657a63666e425851624f336658335932376942494858724b3174486977594e5169542b6e3268694843353330744a54634f632f3233466d7030486d4b794d31476a657a76594f4b4f5652414d4f62744d4b67426b3278386649357a44793042782f586134696463356379584351704a5a6c786d526e36777a7a5932755442734359747362524c4c37675955636f364e543064563378655950326c737a6a392f4446696b684a4276374f475275343154596f325136384b6655445a5475544f7264624230526a746c7170643657736d6c542f5163704c306a415363657a735943616c767333584e4b43306e775367696a695a6c4b7a4b7132367930754f516b2f4872354850363864525550412f33683670495841397433516166477a56436e556856524634364e422f6469334f716c71463269464d364f2f52615243664534387667656a6a353567447476664f416247633765764b3371316344572b644e517247422b6f3462357a376e4c6d4c4a71492f794351706735656855756967616c7971466a745a706f58376b36534e36695267653336386166634d586e4a58346550774e4e6139544374714f48384e76682f5343586d53454e6d3246322b382f673657486339376d4466525953694e2b762f34656a542b376a59654262712b4171396e6b63304c4855702b68637071754f67776934674a6137714e6d4d5955516b6a49745366564c716d734c7942324b64713339334a3251422f4f4f4f4737587857586d34645034432b5061544c766930616730556c35457a6a506b4f7759764851572b78352b344e624c70794873525a534c744642454c75484a3831625955692b517377585a4a6355486459482f6748422b4850675350786154563168534e7173636c4a6542546f6a2f4d766e32487a31517434465259435678646e444f2f6545544f473949463758703258726148786e62703247324f5872574d797472656f344956657452756951656c797146536f4b4567377832303039723133627a4277306337424559553938754f703732733432646c69367365644d4c52524378544b6d2f555363536e7061586765456f5354547839683839587a6a4e7953303833467a67576a5078715053766b7136564942635969456454786b427971735147554162684742434f30666f676c2b4e57516f5a6b774d54726945363048544c4c354f5a4368715764344c6133734f524b584352566b683039776654737449683239454f48343664787a62726c3943596b6f4b374f7a73474c6634527456716f45664c6a2b45644749444676323943742b7031734c3733594252777961733344424a2b6f354d537365446f41617a2f3777776a364e58794b732f59526a794c4772613950505078522b76686b356c4531313833615931356e335a485069646e67334f4f546b7a417946336273506565326c685a7a374d4d6c6e662f456f314b6c3838796878564f6a755a4763732b577178667734356d6a694969504d2f6332474e5666465939716d4652724b71664b6c4a783253356e67726d704c4849516e6777674c36636a4c4a4a6d5a71546a31356e4d6b703175755a72716a6e52326a6e5672537061656f3274616f315454693454655245666a74796e6b63666e775051544652694569495a3957672b5a3164734c6248415053733039426754554953356e66667559377654787a43732b424178724b2b384a7642364e796945567846716b3952744f436f7861747838757074644b785341372f30486f53532b5a52426f3966686f666a3733673134465336476a797456302b4d30526b786438614d2b455747592f652f664f50333845634c6934334c4d74724b3434544955637461346f576a3971777878456756775339573231485552475553753270512b53336f597668492b4d5873564c366f7844785a30795973784c5437422b466274344f7267614d79725a6e7557344e623967446434454f43502b77462b654245536a4e59564b32504b78352f4367784f594a505642756e46762b2f746731646e6a2b4f664262626a6d6455487664693078716638584b466c455a36516b36445a2f77773747616c366c63444673365463634878557259625a35574b6f6a457477505072694e58362b63782f6d5854334e456b423952395276554c367857302b74514545666d5547524d464c696c66467a71757161497077475052675842372b464a6433417461414c494e6d4c4f5272614d785631364d74794442504f636275542b48707555794d434c41733475634e564549796f645633683848434d727a4475364831464a696168617268532b482f3056326a61737a5769344470362f6771487a5638444e7a684748526b784139654b655372764f3865646f6255694c3939664e4b316879366c394547776748734d526750792f584378314b64574939503452785456492b68316f2f524a30466e734d4169454130346758723969756b5069354653716e536b7450446344746b4c694b5437706b74694971347863597676304c50577562785a624c4570706a534a78306b736d435032664d376e6f59454d6b4c37676c45443061464a6654542f61694b54366d644437384834736d356a7179306e4c54647667704c66374e6d4f5339375073305862525a644c4f383950385555354b67306f6734414d63424965555a45745245736757694c52716d3935314d53704f383337754f596c656963544759684c655932412b4a4f49534c714c75425266704752457936326a354e2b4c754c7068596163763846576a4669623359653076656f654859754778417a6a30384336534d394a5133724d346e6e6a374d6534784b37703969634b756274592b4259506a3834304977394a546837486a3568556b704352625a43354547415564437146616752706f55364964696a67583451767143744e597158475a5141564d37376278764d466b5675515a547777466b4d6a437255776b706f55674a75555a77705075496a6a685038536e766a4671635567647562687a4477783568346c44757944784b636e59647530696c70383542722f4963486a6d79342b3951386569726d635a6f39624d57682b4f546b72416e6a73334d4f66773377694e4d3638783253475041786f5761596236685275687646744652734f6e6c7a71555535315a665a386270393153746661386f64466936624c4338714b714f456d7257534b534a424b2b365a3763344e4d7a457843526642632b3066735a7030593531336a53373839713177586a573757486f3631357731577439524352674575516138544f7a526a64584b324d3050704a576575596a526c58656d59474c727838696d39326238654c55504e34666c647739304b50387631517a4c6b3437504f6f62554c4b7a713077644950656c4137665a5168454b324f7755594f73583476617a56306162736c544a4e63746854694a66397770687173516c306e4e6f4977684f7147654c4d576b38312f3257572b515776643961795467466e52784e646c6c787472583639596248347a657378336b5357314b63375a3151636d387064437165487438564b415738716a79714b336e77717a736776414d6c6e4f594172653042434c6569593636704e504936314f6b6e6a4652774f596f34554e3038684e454a6a316975457077417356485a364a72396472593348635959784437304e374e465867534849434a2b2f37457157655046453551425464376431523072344b6142657568716b634e4f4e7171566631364172576d52344f635241775261546f546e6c744739476856386b617153675657667970476b516144326958676c7042746156336c74524e5476356142422b4672344232394234334b6c4d654f67534e524a723935776c4d567276364878334a67426369594f586e2f54687838654e7667312f506175614a426b52616f55614165696a6f584233455148637958384d526c7a364e706c7a7676334b6f793031517450572f65567748566566434b452b65724f39443871454974787a48574c5957724251754d50344d6277584d596263325776734d5935384d503766315941662b6f43417a613853746a564f51324b6e5074627038504c597031514c4e69625547434f4850574e4b705a396a7979754a2b50594d774a74774138554c557363584f55536f5656554755364347554e6673356530796853436d3746702f72685276424d704754345930364872706a59716f4e5647414c666a2b4e7048624d6b546a4a6935786163666647457951785a31614d323668567541532b50366e444d343868716e5068454963796e4b35364e52354657566c67416c4f2b576b6d7744544651314c766b6f76344d716353574150736a4d644f427a42483042794253344a535353394d784576496a61444171326175766c6852304476305a2b5a33316e502b765978672b6a734f514b4245524859664166762b4c386932646f584c517475706362704247383156396c33632b3169694d424a31467a46315067467239306d78595261655a4b784c48547864356c45694e794e433735794d4d2b4d3745336244424b6c5a6c5a5255346d79576f6d37596a6b6537676450427532747647344f756b37564335537a4a4a37384b46764b312b424f2f362b475044374272774d445557584d7633527646683774657056544a3477416d364a3276643466656f536b6d682b6e61624b7a487969736c48396b74664f65566576343730692f77384351747a43514d35754b5141414141424a52553545726b4a6767673d3d, 'modern', 1, '0bmJFiYTLa25hEjdUri40oahU7Xwx1KGrJrjYZqQU5JcwYLxRMDmnGrYsBbX', NULL);

-- --------------------------------------------------------

--
-- Tablo için tablo yapısı `admins_multi_tenancy_access`
--

CREATE TABLE `admins_multi_tenancy_access` (
  `id` bigint UNSIGNED NOT NULL,
  `parent_id` bigint UNSIGNED NOT NULL,
  `selected_id` bigint UNSIGNED NOT NULL
) ENGINE=InnoDB DEFAULT CHARSET=utf8mb4 COLLATE=utf8mb4_unicode_ci;

-- --------------------------------------------------------

--
-- Tablo için tablo yapısı `admins_roles`
--

CREATE TABLE `admins_roles` (
  `id` bigint UNSIGNED NOT NULL,
  `title` varchar(255) COLLATE utf8mb4_unicode_ci DEFAULT NULL,
  `created_at` timestamp NULL DEFAULT NULL,
  `updated_at` timestamp NULL DEFAULT NULL,
  `deleted_at` timestamp NULL DEFAULT NULL
) ENGINE=InnoDB DEFAULT CHARSET=utf8mb4 COLLATE=utf8mb4_unicode_ci;

--
-- Tablo döküm verisi `admins_roles`
--

INSERT INTO `admins_roles` (`id`, `title`, `created_at`, `updated_at`, `deleted_at`) VALUES
(1, 'Developer', '2023-04-15 05:03:47', '2023-04-15 05:03:47', NULL),
(2, 'User', '2023-04-15 05:03:47', '2023-04-15 05:03:47', NULL);

-- --------------------------------------------------------

--
-- Tablo için tablo yapısı `admins_roles_permission`
--

CREATE TABLE `admins_roles_permission` (
  `id` bigint UNSIGNED NOT NULL,
  `role_id` bigint UNSIGNED NOT NULL,
  `permission` varchar(255) COLLATE utf8mb4_unicode_ci DEFAULT NULL
) ENGINE=InnoDB DEFAULT CHARSET=utf8mb4 COLLATE=utf8mb4_unicode_ci;

-- --------------------------------------------------------

--
-- Tablo için tablo yapısı `bookings`
--

CREATE TABLE `bookings` (
  `id` bigint UNSIGNED NOT NULL,
  `customer` int DEFAULT NULL,
  `car_brand` int DEFAULT NULL,
  `car_model` int DEFAULT NULL,
  `car_type` varchar(255) COLLATE utf8mb4_unicode_ci DEFAULT NULL,
  `city` int DEFAULT NULL,
  `district` int DEFAULT NULL,
  `station` int DEFAULT NULL,
  `booking_date` date DEFAULT NULL,
  `booking_time` varchar(255) COLLATE utf8mb4_unicode_ci DEFAULT NULL,
  `cost` varchar(300) COLLATE utf8mb4_unicode_ci DEFAULT NULL,
  `created_at` timestamp NULL DEFAULT NULL,
  `updated_at` timestamp NULL DEFAULT NULL,
  `deleted_at` timestamp NULL DEFAULT NULL
) ENGINE=InnoDB DEFAULT CHARSET=utf8mb4 COLLATE=utf8mb4_unicode_ci;

--
-- Tablo döküm verisi `bookings`
--

INSERT INTO `bookings` (`id`, `customer`, `car_brand`, `car_model`, `car_type`, `city`, `district`, `station`, `booking_date`, `booking_time`, `cost`, `created_at`, `updated_at`, `deleted_at`) VALUES
(4, 23, 1, 2, 'DC', 6, 72, 161, '2023-06-15', '19:00', '390 ₺', '2023-06-12 18:27:04', '2023-06-12 18:27:04', NULL),
(5, 24, 3, 4, 'DC', 35, 447, 6, '2019-10-28', '08:00', '390 ₺', '2023-06-13 12:48:25', '2023-06-13 12:48:25', NULL),
(6, 24, 5, 25, 'AC', 35, 447, 7, '2023-06-14', '07:00', '360 ₺', '2023-06-13 12:49:53', '2023-06-13 12:49:53', NULL),
(7, 23, 3, 6, 'ac', 35, 447, 6, '2023-05-27', '10_00', '360 ₺', '2023-06-13 12:54:07', '2023-06-13 18:58:27', NULL),
(8, 23, 3, 4, 'DC', 35, 447, 6, '2023-06-20', '15:00', '390 ₺', '2023-06-13 22:06:27', '2023-06-13 22:06:27', NULL),
(9, 23, 9, 31, 'AC', 35, 447, 6, '2023-06-27', '18:00', '360 ₺', '2023-06-13 22:38:47', '2023-06-13 22:38:47', NULL),
(10, 23, 5, 19, 'DC', 35, 447, 7, '2023-06-22', '17:00', '390 ₺', '2023-06-13 22:57:41', '2023-06-13 22:57:41', NULL);

-- --------------------------------------------------------

--
-- Tablo için tablo yapısı `cars`
--

CREATE TABLE `cars` (
  `id` bigint UNSIGNED NOT NULL,
  `brand_name` varchar(300) COLLATE utf8mb4_unicode_ci DEFAULT NULL,
  `created_at` timestamp NULL DEFAULT NULL,
  `updated_at` timestamp NULL DEFAULT NULL,
  `deleted_at` timestamp NULL DEFAULT NULL
) ENGINE=InnoDB DEFAULT CHARSET=utf8mb4 COLLATE=utf8mb4_unicode_ci;

--
-- Tablo döküm verisi `cars`
--

INSERT INTO `cars` (`id`, `brand_name`, `created_at`, `updated_at`, `deleted_at`) VALUES
(3, 'FORD', '2023-06-12 18:59:22', '2023-06-12 18:59:22', NULL),
(4, 'HYUNDAI', '2023-06-12 19:01:14', '2023-06-12 19:01:14', NULL),
(5, 'KIA', '2023-06-12 19:04:43', '2023-06-12 19:04:43', NULL),
(6, 'VOLVO', '2023-06-13 18:41:56', '2023-06-13 18:41:56', NULL),
(7, 'PORCHE', '2023-06-13 18:42:23', '2023-06-13 18:42:23', NULL),
(8, 'MASERATI', '2023-06-13 18:42:30', '2023-06-13 18:42:30', NULL),
(9, 'JAGUAR', '2023-06-13 18:43:00', '2023-06-13 18:43:00', NULL);

-- --------------------------------------------------------

--
-- Tablo için tablo yapısı `car_models`
--

CREATE TABLE `car_models` (
  `id` bigint UNSIGNED NOT NULL,
  `model_name` varchar(300) COLLATE utf8mb4_unicode_ci DEFAULT NULL,
  `admiko_car_id` bigint UNSIGNED NOT NULL,
  `created_at` timestamp NULL DEFAULT NULL,
  `updated_at` timestamp NULL DEFAULT NULL,
  `deleted_at` timestamp NULL DEFAULT NULL
) ENGINE=InnoDB DEFAULT CHARSET=utf8mb4 COLLATE=utf8mb4_unicode_ci;

--
-- Tablo döküm verisi `car_models`
--

INSERT INTO `car_models` (`id`, `model_name`, `admiko_car_id`, `created_at`, `updated_at`, `deleted_at`) VALUES
(4, 'Ford Mustang Mach-E ER RWD', 3, '2023-06-12 18:59:49', '2023-06-12 18:59:49', NULL),
(5, 'Ford Mustang Mach-E SR RWD', 3, '2023-06-12 19:00:04', '2023-06-12 19:00:04', NULL),
(6, 'Ford Mustang Mach-E GT', 3, '2023-06-12 19:00:16', '2023-06-12 19:00:16', NULL),
(7, 'Ford Mustang Mach-E ER AWD', 3, '2023-06-12 19:00:35', '2023-06-12 19:00:35', NULL),
(8, 'Ford Mustang Mach-E SR AWD', 3, '2023-06-12 19:00:51', '2023-06-12 19:00:51', NULL),
(9, 'Hyundai Kona Electric 64 kWh', 4, '2023-06-12 19:01:40', '2023-06-12 19:01:40', NULL),
(10, 'Hyundai IONIQ 5 Long Range 2WD', 4, '2023-06-12 19:01:54', '2023-06-12 19:01:54', NULL),
(11, 'Hyundai IONIQ 6 Long Range AWD', 4, '2023-06-12 19:02:13', '2023-06-12 19:02:13', NULL),
(12, 'Hyundai IONIQ 6 Long Range 2WD', 4, '2023-06-12 19:02:27', '2023-06-12 19:02:27', NULL),
(13, 'Hyundai IONIQ 5 Long Range AWD', 4, '2023-06-12 19:02:42', '2023-06-12 19:02:42', NULL),
(14, 'Hyundai IONIQ 5 Standard Range 2WD', 4, '2023-06-12 19:02:59', '2023-06-12 19:02:59', NULL),
(15, 'Hyundai Kona Electric 65 kWh', 4, '2023-06-12 19:03:13', '2023-06-12 19:03:13', NULL),
(16, 'Hyundai Kona Electric 39 kWh', 4, '2023-06-12 19:03:35', '2023-06-12 19:03:35', NULL),
(17, 'Hyundai IONIQ 6 Standard Range 2WD', 4, '2023-06-12 19:03:51', '2023-06-12 19:03:51', NULL),
(18, 'Kia Niro EV', 5, '2023-06-12 19:05:07', '2023-06-12 19:05:07', NULL),
(19, 'Kia EV6 GT', 5, '2023-06-12 19:05:18', '2023-06-12 19:05:18', NULL),
(20, 'Kia EV6 Long Range 2WD', 5, '2023-06-12 19:05:29', '2023-06-12 19:05:29', NULL),
(21, 'Kia EV9 99.8 kWh AWD', 5, '2023-06-12 19:05:44', '2023-06-12 19:05:44', NULL),
(22, 'Kia EV6 Long Range AWD', 5, '2023-06-12 19:05:58', '2023-06-12 19:05:58', NULL),
(23, 'Kia EV9 99.8 kWh RWD', 5, '2023-06-12 19:06:14', '2023-06-12 19:06:14', NULL),
(24, 'Kia EV6 Standard Range 2WD', 5, '2023-06-12 19:06:28', '2023-06-12 19:06:28', NULL),
(25, 'Kia e-Soul 64 kWh', 5, '2023-06-12 19:06:40', '2023-06-12 19:06:40', NULL),
(26, 'Kia e-Soul 39.2 kWh', 5, '2023-06-12 19:06:54', '2023-06-12 19:06:54', NULL),
(27, 'Volvo EX30 Single Motor ER Volvo EX30 Single Motor ER', 6, '2023-06-13 19:01:00', '2023-06-13 19:01:00', NULL),
(28, 'Porsche Taycan', 7, '2023-06-13 19:01:25', '2023-06-13 19:01:25', NULL),
(29, 'Volvo EX90 Twin Motor Volvo EX90 Twin Motor', 6, '2023-06-13 19:01:51', '2023-06-13 19:01:51', NULL),
(30, 'Volvo C40 Recharge Twin Motor Volvo C40 Recharge Twin Motor', 6, '2023-06-13 19:02:08', '2023-06-13 19:02:08', NULL),
(31, 'Jaguar I-Pace EV400 Jaguar I-Pace EV400', 9, '2023-06-13 19:09:55', '2023-06-13 19:09:55', NULL),
(32, 'Porsche Taycan Turbo S Porsche Taycan Turbo S', 7, '2023-06-13 19:11:52', '2023-06-13 19:11:52', NULL),
(33, 'Porsche Taycan Plus', 7, '2023-06-13 19:12:14', '2023-06-13 19:12:44', NULL),
(34, 'Maserati GranTurismo Folgore', 8, '2023-06-13 19:14:15', '2023-06-13 19:14:22', NULL),
(35, 'Maserati Grecale Folgore', 8, '2023-06-13 19:15:42', '2023-06-13 19:15:42', NULL);

-- --------------------------------------------------------

--
-- Tablo için tablo yapısı `cities`
--

CREATE TABLE `cities` (
  `id` bigint UNSIGNED NOT NULL,
  `title` varchar(300) COLLATE utf8mb4_unicode_ci DEFAULT NULL,
  `created_at` timestamp NULL DEFAULT NULL,
  `updated_at` timestamp NULL DEFAULT NULL,
  `deleted_at` timestamp NULL DEFAULT NULL
) ENGINE=InnoDB DEFAULT CHARSET=utf8mb4 COLLATE=utf8mb4_unicode_ci;

--
-- Tablo döküm verisi `cities`
--

INSERT INTO `cities` (`id`, `title`, `created_at`, `updated_at`, `deleted_at`) VALUES
(1, 'ADANA', '2023-05-24 15:38:02', '2023-05-24 15:38:02', NULL),
(2, 'ADIYAMAN', '2023-05-24 15:38:02', '2023-05-24 15:38:02', NULL),
(3, 'AFYONKARAHİSAR', '2023-05-24 15:38:02', '2023-05-24 15:38:02', NULL),
(4, 'AĞRI', '2023-05-24 15:38:02', '2023-05-24 15:38:02', NULL),
(5, 'AMASYA', '2023-05-24 15:38:02', '2023-05-24 15:38:02', NULL),
(6, 'ANKARA', '2023-05-24 15:38:02', '2023-05-24 15:38:02', NULL),
(7, 'ANTALYA', '2023-05-24 15:38:02', '2023-05-24 15:38:02', NULL),
(8, 'ARTVİN', '2023-05-24 15:38:02', '2023-05-24 15:38:02', NULL),
(9, 'AYDIN', '2023-05-24 15:38:02', '2023-05-24 15:38:02', NULL),
(10, 'BALIKESİR', '2023-05-24 15:38:02', '2023-05-24 15:38:02', NULL),
(11, 'BİLECİK', '2023-05-24 15:38:02', '2023-05-24 15:38:02', NULL),
(12, 'BİNGÖL', '2023-05-24 15:38:02', '2023-05-24 15:38:02', NULL),
(13, 'BİTLİS', '2023-05-24 15:38:02', '2023-05-24 15:38:02', NULL),
(14, 'BOLU', '2023-05-24 15:38:02', '2023-05-24 15:38:02', NULL),
(15, 'BURDUR', '2023-05-24 15:38:02', '2023-05-24 15:38:02', NULL),
(16, 'BURSA', '2023-05-24 15:38:02', '2023-05-24 15:38:02', NULL),
(17, 'ÇANAKKALE', '2023-05-24 15:38:02', '2023-05-24 15:38:02', NULL),
(18, 'ÇANKIRI', '2023-05-24 15:38:02', '2023-05-24 15:38:02', NULL),
(19, 'ÇORUM', '2023-05-24 15:38:02', '2023-05-24 15:38:02', NULL),
(20, 'DENİZLİ', '2023-05-24 15:38:02', '2023-05-24 15:38:02', NULL),
(21, 'DİYARBAKIR', '2023-05-24 15:38:02', '2023-05-24 15:38:02', NULL),
(22, 'EDİRNE', '2023-05-24 15:38:02', '2023-05-24 15:38:02', NULL),
(23, 'ELAZIĞ', '2023-05-24 15:38:02', '2023-05-24 15:38:02', NULL),
(24, 'ERZİNCAN', '2023-05-24 15:38:02', '2023-05-24 15:38:02', NULL),
(25, 'ERZURUM', '2023-05-24 15:38:02', '2023-05-24 15:38:02', NULL),
(26, 'ESKİŞEHİR', '2023-05-24 15:38:02', '2023-05-24 15:38:02', NULL),
(27, 'GAZİANTEP', '2023-05-24 15:38:02', '2023-05-24 15:38:02', NULL),
(28, 'GİRESUN', '2023-05-24 15:38:02', '2023-05-24 15:38:02', NULL),
(29, 'GÜMÜŞHANE', '2023-05-24 15:38:02', '2023-05-24 15:38:02', NULL),
(30, 'HAKKARİ', '2023-05-24 15:38:02', '2023-05-24 15:38:02', NULL),
(31, 'HATAY', '2023-05-24 15:38:02', '2023-05-24 15:38:02', NULL),
(32, 'ISPARTA', '2023-05-24 15:38:02', '2023-05-24 15:38:02', NULL),
(33, 'MERSİN', '2023-05-24 15:38:02', '2023-05-24 15:38:02', NULL),
(34, 'İSTANBUL', '2023-05-24 15:38:02', '2023-05-24 15:38:02', NULL),
(35, 'İZMİR', '2023-05-24 15:38:02', '2023-05-24 15:38:02', NULL),
(36, 'KARS', '2023-05-24 15:38:02', '2023-05-24 15:38:02', NULL),
(37, 'KASTAMONU', '2023-05-24 15:38:02', '2023-05-24 15:38:02', NULL),
(38, 'KAYSERİ', '2023-05-24 15:38:02', '2023-05-24 15:38:02', NULL),
(39, 'KIRKLARELİ', '2023-05-24 15:38:02', '2023-05-24 15:38:02', NULL),
(40, 'KIRŞEHİR', '2023-05-24 15:38:02', '2023-05-24 15:38:02', NULL),
(41, 'KOCAELİ', '2023-05-24 15:38:02', '2023-05-24 15:38:02', NULL),
(42, 'KONYA', '2023-05-24 15:38:02', '2023-05-24 15:38:02', NULL),
(43, 'KÜTAHYA', '2023-05-24 15:38:02', '2023-05-24 15:38:02', NULL),
(44, 'MALATYA', '2023-05-24 15:38:02', '2023-05-24 15:38:02', NULL),
(45, 'MANİSA', '2023-05-24 15:38:02', '2023-05-24 15:38:02', NULL),
(46, 'KAHRAMANMARAŞ', '2023-05-24 15:38:02', '2023-05-24 15:38:02', NULL),
(47, 'MARDİN', '2023-05-24 15:38:02', '2023-05-24 15:38:02', NULL),
(48, 'MUĞLA', '2023-05-24 15:38:02', '2023-05-24 15:38:02', NULL),
(49, 'MUŞ', '2023-05-24 15:38:02', '2023-05-24 15:38:02', NULL),
(50, 'NEVŞEHİR', '2023-05-24 15:38:02', '2023-05-24 15:38:02', NULL),
(51, 'NİĞDE', '2023-05-24 15:38:02', '2023-05-24 15:38:02', NULL),
(52, 'ORDU', '2023-05-24 15:38:02', '2023-05-24 15:38:02', NULL),
(53, 'RİZE', '2023-05-24 15:38:02', '2023-05-24 15:38:02', NULL),
(54, 'SAKARYA', '2023-05-24 15:38:02', '2023-05-24 15:38:02', NULL),
(55, 'SAMSUN', '2023-05-24 15:38:02', '2023-05-24 15:38:02', NULL),
(56, 'SİİRT', '2023-05-24 15:38:02', '2023-05-24 15:38:02', NULL),
(57, 'SİNOP', '2023-05-24 15:38:02', '2023-05-24 15:38:02', NULL),
(58, 'SİVAS', '2023-05-24 15:38:02', '2023-05-24 15:38:02', NULL),
(59, 'TEKİRDAĞ', '2023-05-24 15:38:02', '2023-05-24 15:38:02', NULL),
(60, 'TOKAT', '2023-05-24 15:38:02', '2023-05-24 15:38:02', NULL),
(61, 'TRABZON', '2023-05-24 15:38:02', '2023-05-24 15:38:02', NULL),
(62, 'TUNCELİ', '2023-05-24 15:38:02', '2023-05-24 15:38:02', NULL),
(63, 'ŞANLIURFA', '2023-05-24 15:38:02', '2023-05-24 15:38:02', NULL),
(64, 'UŞAK', '2023-05-24 15:38:02', '2023-05-24 15:38:02', NULL),
(65, 'VAN', '2023-05-24 15:38:02', '2023-05-24 15:38:02', NULL),
(66, 'YOZGAT', '2023-05-24 15:38:02', '2023-05-24 15:38:02', NULL),
(67, 'ZONGULDAK', '2023-05-24 15:38:02', '2023-05-24 15:38:02', NULL),
(68, 'AKSARAY', '2023-05-24 15:38:02', '2023-05-24 15:38:02', NULL),
(69, 'BAYBURT', '2023-05-24 15:38:02', '2023-05-24 15:38:02', NULL),
(70, 'KARAMAN', '2023-05-24 15:38:02', '2023-05-24 15:38:02', NULL),
(71, 'KIRIKKALE', '2023-05-24 15:38:02', '2023-05-24 15:38:02', NULL),
(72, 'BATMAN', '2023-05-24 15:38:02', '2023-05-24 15:38:02', NULL),
(73, 'ŞIRNAK', '2023-05-24 15:38:02', '2023-05-24 15:38:02', NULL),
(74, 'BARTIN', '2023-05-24 15:38:02', '2023-05-24 15:38:02', NULL),
(75, 'ARDAHAN', '2023-05-24 15:38:02', '2023-05-24 15:38:02', NULL),
(76, 'IĞDIR', '2023-05-24 15:38:02', '2023-05-24 15:38:02', NULL),
(77, 'YALOVA', '2023-05-24 15:38:02', '2023-05-24 15:38:02', NULL),
(78, 'KARABÜK', '2023-05-24 15:38:02', '2023-05-24 15:38:02', NULL),
(79, 'KİLİS', '2023-05-24 15:38:02', '2023-05-24 15:38:02', NULL),
(80, 'OSMANİYE', '2023-05-24 15:38:02', '2023-05-24 15:38:02', NULL),
(81, 'DÜZCE', '2023-05-24 15:38:02', '2023-05-24 15:38:02', NULL);

-- --------------------------------------------------------

--
-- Tablo için tablo yapısı `contact_forms`
--

CREATE TABLE `contact_forms` (
  `id` bigint UNSIGNED NOT NULL,
  `name` varchar(300) COLLATE utf8mb4_unicode_ci DEFAULT NULL,
  `email` varchar(300) COLLATE utf8mb4_unicode_ci DEFAULT NULL,
  `body` text COLLATE utf8mb4_unicode_ci,
  `created_at` timestamp NULL DEFAULT NULL,
  `updated_at` timestamp NULL DEFAULT NULL,
  `deleted_at` timestamp NULL DEFAULT NULL
) ENGINE=InnoDB DEFAULT CHARSET=utf8mb4 COLLATE=utf8mb4_unicode_ci;

--
-- Tablo döküm verisi `contact_forms`
--

INSERT INTO `contact_forms` (`id`, `name`, `email`, `body`, `created_at`, `updated_at`, `deleted_at`) VALUES
(2, 'Harvey Miller', 'Harveymiller.web1@gmail.com', 'Hey,\r\n\r\nYour website\'s design is absolutely brilliant. The visuals really enhance your message and the content compels action. I\'ve forwarded it to a few of my contacts who I think could benefit from your services.\r\n\r\nWhen I was looking at your site, though, I noticed some mistakes that you\'ve made re: search engine optimization (SEO) which may be leading to a decline in your organic SEO results. Would you like to fix it so that you can get maximum exposure/presence on Google, Bing, Yahoo and web traffic to your website?\r\n\r\nIt\'s a relatively simple fix. If this is a priority, I can also get on a call.\r\n\r\nPlease share your “Phone Number\" and a suitable time to talk, so I can help you in that.\r\n\r\nRegards,\r\nHarvey Miller\r\nDigital Marketing Expert', '2023-04-17 14:18:46', '2023-04-17 14:18:46', NULL),
(3, 'İrem Dincel', 'iremdncl35@gmail.com', 'Hello,It is useful site. I will recommend it to everyone around me :)', '2023-04-27 09:12:23', '2023-04-27 09:12:23', NULL),
(4, 'Sol Bavister', 'sol.bavister@msn.com', 'Congratulations! Your website http://ionycharge.com has been approved for submission to our directory. Enjoy lots of targeted traffic to your site for free! Visit: http://freewebsitesubmission.rt32.xyz', '2023-06-12 10:04:05', '2023-06-12 10:04:05', NULL);

-- --------------------------------------------------------

--
-- Tablo için tablo yapısı `customers`
--

CREATE TABLE `customers` (
  `id` bigint UNSIGNED NOT NULL,
  `firstname` varchar(300) COLLATE utf8mb4_unicode_ci DEFAULT NULL,
  `lastname` varchar(300) COLLATE utf8mb4_unicode_ci DEFAULT NULL,
  `email` varchar(300) COLLATE utf8mb4_unicode_ci DEFAULT NULL,
  `password` varchar(255) COLLATE utf8mb4_unicode_ci DEFAULT NULL,
  `created_at` timestamp NULL DEFAULT NULL,
  `updated_at` timestamp NULL DEFAULT NULL,
  `deleted_at` timestamp NULL DEFAULT NULL
) ENGINE=InnoDB DEFAULT CHARSET=utf8mb4 COLLATE=utf8mb4_unicode_ci;

--
-- Tablo döküm verisi `customers`
--

INSERT INTO `customers` (`id`, `firstname`, `lastname`, `email`, `password`, `created_at`, `updated_at`, `deleted_at`) VALUES
(20, 'Selcan', 'Güler', 'gameselcang@gmail.com', '$2y$10$JoKyjgyvWEkyV7F6aSrQV.o0woApHMQ6nYyM9lwaZozLJ0WsuB7mi', '2023-05-25 05:43:13', '2023-06-01 09:26:32', NULL),
(23, 'Selcan', 'Güler', 'selcanguler009@gmail.com', '$2y$10$TvsnXUOnZ80dv82.zoHVBuWJEkLkPFzqKYEVNfOCXSh1BmKdnBohq', '2023-06-01 09:55:54', '2023-06-01 09:55:54', NULL),
(24, 'Mehmet', 'Coşkun', 'tekiner65@hotmail.com', '$2y$10$SnQXscFEmoKNAsNrh0vFkuYiawccSglLnwAqjHm4R3.SvnZXMTsnm', '2023-06-09 08:11:34', '2023-06-13 12:47:49', NULL),
(26, 'İrem', 'DİNCEL', 'iremdncl35@gmail.com', '$2y$10$uHwtfDxxJMLy2PAFrFQ7BunjEZ2q/rOJbtJgedInI131OtGCS8W.u', '2023-06-13 19:52:45', '2023-06-13 19:52:45', NULL);

-- --------------------------------------------------------

--
-- Tablo için tablo yapısı `districts`
--

CREATE TABLE `districts` (
  `id` bigint UNSIGNED NOT NULL,
  `title` varchar(300) COLLATE utf8mb4_unicode_ci DEFAULT NULL,
  `admiko_city_id` bigint UNSIGNED NOT NULL,
  `created_at` timestamp NULL DEFAULT NULL,
  `updated_at` timestamp NULL DEFAULT NULL,
  `deleted_at` timestamp NULL DEFAULT NULL
) ENGINE=InnoDB DEFAULT CHARSET=utf8mb4 COLLATE=utf8mb4_unicode_ci;

--
-- Tablo döküm verisi `districts`
--

INSERT INTO `districts` (`id`, `title`, `admiko_city_id`, `created_at`, `updated_at`, `deleted_at`) VALUES
(1, 'ALADAĞ', 1, '2023-05-24 15:41:21', '2023-05-24 15:41:21', NULL),
(2, 'CEYHAN', 1, '2023-05-24 15:41:21', '2023-05-24 15:41:21', NULL),
(3, 'ÇUKUROVA', 1, '2023-05-24 15:41:21', '2023-05-24 15:41:21', NULL),
(4, 'FEKE', 1, '2023-05-24 15:41:21', '2023-05-24 15:41:21', NULL),
(5, 'İMAMOĞLU', 1, '2023-05-24 15:41:21', '2023-05-24 15:41:21', NULL),
(6, 'KARAİSALI', 1, '2023-05-24 15:41:21', '2023-05-24 15:41:21', NULL),
(7, 'KARATAŞ', 1, '2023-05-24 15:41:21', '2023-05-24 15:41:21', NULL),
(8, 'KOZAN', 1, '2023-05-24 15:41:21', '2023-05-24 15:41:21', NULL),
(9, 'POZANTI', 1, '2023-05-24 15:41:21', '2023-05-24 15:41:21', NULL),
(10, 'SAİMBEYLİ', 1, '2023-05-24 15:41:21', '2023-05-24 15:41:21', NULL),
(11, 'SARIÇAM', 1, '2023-05-24 15:41:21', '2023-05-24 15:41:21', NULL),
(12, 'SEYHAN', 1, '2023-05-24 15:41:21', '2023-05-24 15:41:21', NULL),
(13, 'TUFANBEYLİ', 1, '2023-05-24 15:41:21', '2023-05-24 15:41:21', NULL),
(14, 'YUMURTALIK', 1, '2023-05-24 15:41:21', '2023-05-24 15:41:21', NULL),
(15, 'YÜREĞİR', 1, '2023-05-24 15:41:21', '2023-05-24 15:41:21', NULL),
(16, 'BESNİ', 2, '2023-05-24 15:41:21', '2023-05-24 15:41:21', NULL),
(17, 'ÇELİKHAN', 2, '2023-05-24 15:41:21', '2023-05-24 15:41:21', NULL),
(18, 'GERGER', 2, '2023-05-24 15:41:21', '2023-05-24 15:41:21', NULL),
(19, 'GÖLBAŞI', 2, '2023-05-24 15:41:21', '2023-05-24 15:41:21', NULL),
(20, 'KAHTA', 2, '2023-05-24 15:41:21', '2023-05-24 15:41:21', NULL),
(21, 'SAMSAT', 2, '2023-05-24 15:41:21', '2023-05-24 15:41:21', NULL),
(22, 'SİNCİK', 2, '2023-05-24 15:41:21', '2023-05-24 15:41:21', NULL),
(23, 'TUT', 2, '2023-05-24 15:41:21', '2023-05-24 15:41:21', NULL),
(24, 'BAŞMAKÇI', 3, '2023-05-24 15:41:21', '2023-05-24 15:41:21', NULL),
(25, 'BAYAT', 3, '2023-05-24 15:41:21', '2023-05-24 15:41:21', NULL),
(26, 'BOLVADİN', 3, '2023-05-24 15:41:21', '2023-05-24 15:41:21', NULL),
(27, 'ÇAY', 3, '2023-05-24 15:41:21', '2023-05-24 15:41:21', NULL),
(28, 'ÇOBANLAR', 3, '2023-05-24 15:41:21', '2023-05-24 15:41:21', NULL),
(29, 'DAZKIRI', 3, '2023-05-24 15:41:21', '2023-05-24 15:41:21', NULL),
(30, 'DİNAR', 3, '2023-05-24 15:41:21', '2023-05-24 15:41:21', NULL),
(31, 'EMİRDAĞ', 3, '2023-05-24 15:41:21', '2023-05-24 15:41:21', NULL),
(32, 'EVCİLER', 3, '2023-05-24 15:41:21', '2023-05-24 15:41:21', NULL),
(33, 'HOCALAR', 3, '2023-05-24 15:41:21', '2023-05-24 15:41:21', NULL),
(34, 'İHSANİYE', 3, '2023-05-24 15:41:21', '2023-05-24 15:41:21', NULL),
(35, 'İSCEHİSAR', 3, '2023-05-24 15:41:21', '2023-05-24 15:41:21', NULL),
(36, 'KIZILÖREN', 3, '2023-05-24 15:41:21', '2023-05-24 15:41:21', NULL),
(37, 'SANDIKLI', 3, '2023-05-24 15:41:21', '2023-05-24 15:41:21', NULL),
(38, 'SİNANPAŞA', 3, '2023-05-24 15:41:21', '2023-05-24 15:41:21', NULL),
(39, 'SULTANDAĞI', 3, '2023-05-24 15:41:21', '2023-05-24 15:41:21', NULL),
(40, 'ŞUHUT', 3, '2023-05-24 15:41:21', '2023-05-24 15:41:21', NULL),
(41, 'DİYADİN', 4, '2023-05-24 15:41:21', '2023-05-24 15:41:21', NULL),
(42, 'DOĞUBAYAZIT', 4, '2023-05-24 15:41:21', '2023-05-24 15:41:21', NULL),
(43, 'ELEŞKİRT', 4, '2023-05-24 15:41:21', '2023-05-24 15:41:21', NULL),
(44, 'HAMUR', 4, '2023-05-24 15:41:21', '2023-05-24 15:41:21', NULL),
(45, 'PATNOS', 4, '2023-05-24 15:41:21', '2023-05-24 15:41:21', NULL),
(46, 'TAŞLIÇAY', 4, '2023-05-24 15:41:21', '2023-05-24 15:41:21', NULL),
(47, 'TUTA', 4, '2023-05-24 15:41:21', '2023-05-24 15:41:21', NULL),
(48, 'GÖYNÜCEK', 5, '2023-05-24 15:41:21', '2023-05-24 15:41:21', NULL),
(49, 'GÜMÜŞHACIKÖY', 5, '2023-05-24 15:41:21', '2023-05-24 15:41:21', NULL),
(50, 'HAMAMÖZÜ', 5, '2023-05-24 15:41:21', '2023-05-24 15:41:21', NULL),
(51, 'MERZİFON', 5, '2023-05-24 15:41:21', '2023-05-24 15:41:21', NULL),
(52, 'SULUOVA', 5, '2023-05-24 15:41:21', '2023-05-24 15:41:21', NULL),
(53, 'TAŞOVA', 5, '2023-05-24 15:41:21', '2023-05-24 15:41:21', NULL),
(54, 'AKYURT', 6, '2023-05-24 15:41:21', '2023-05-24 15:41:21', NULL),
(55, 'ALTINDAĞ', 6, '2023-05-24 15:41:21', '2023-05-24 15:41:21', NULL),
(56, 'AYAŞ', 6, '2023-05-24 15:41:21', '2023-05-24 15:41:21', NULL),
(57, 'BALA', 6, '2023-05-24 15:41:21', '2023-05-24 15:41:21', NULL),
(58, 'BEYPAZARI', 6, '2023-05-24 15:41:21', '2023-05-24 15:41:21', NULL),
(59, 'ÇAMLIDERE', 6, '2023-05-24 15:41:21', '2023-05-24 15:41:21', NULL),
(60, 'ÇANKAYA', 6, '2023-05-24 15:41:21', '2023-05-24 15:41:21', NULL),
(61, 'ÇUBUK', 6, '2023-05-24 15:41:21', '2023-05-24 15:41:21', NULL),
(62, 'ELMADAĞ', 6, '2023-05-24 15:41:21', '2023-05-24 15:41:21', NULL),
(63, 'ETİMESGUT', 6, '2023-05-24 15:41:21', '2023-05-24 15:41:21', NULL),
(64, 'EVREN', 6, '2023-05-24 15:41:21', '2023-05-24 15:41:21', NULL),
(65, 'GÖLBAŞI', 6, '2023-05-24 15:41:21', '2023-05-24 15:41:21', NULL),
(66, 'GÜDÜL', 6, '2023-05-24 15:41:21', '2023-05-24 15:41:21', NULL),
(67, 'HAYMANA', 6, '2023-05-24 15:41:21', '2023-05-24 15:41:21', NULL),
(68, 'KALECİK', 6, '2023-05-24 15:41:21', '2023-05-24 15:41:21', NULL),
(69, 'KAZAN', 6, '2023-05-24 15:41:21', '2023-05-24 15:41:21', NULL),
(70, 'KEÇİÖREN', 6, '2023-05-24 15:41:21', '2023-05-24 15:41:21', NULL),
(71, 'KIZILCAHAMAM', 6, '2023-05-24 15:41:21', '2023-05-24 15:41:21', NULL),
(72, 'MAMAK', 6, '2023-05-24 15:41:21', '2023-05-24 15:41:21', NULL),
(73, 'NALLIHAN', 6, '2023-05-24 15:41:21', '2023-05-24 15:41:21', NULL),
(74, 'POLATLI', 6, '2023-05-24 15:41:21', '2023-05-24 15:41:21', NULL),
(75, 'PURSAKLAR', 6, '2023-05-24 15:41:21', '2023-05-24 15:41:21', NULL),
(76, 'SİNCAN', 6, '2023-05-24 15:41:21', '2023-05-24 15:41:21', NULL),
(77, 'ŞEREFLİKOÇHİSAR', 6, '2023-05-24 15:41:21', '2023-05-24 15:41:21', NULL),
(78, 'YENİMAHALLE', 6, '2023-05-24 15:41:21', '2023-05-24 15:41:21', NULL),
(79, 'AKSEKİ', 7, '2023-05-24 15:41:21', '2023-05-24 15:41:21', NULL),
(80, 'AKSU', 7, '2023-05-24 15:41:21', '2023-05-24 15:41:21', NULL),
(81, 'ALANYA', 7, '2023-05-24 15:41:21', '2023-05-24 15:41:21', NULL),
(82, 'DEMRE', 7, '2023-05-24 15:41:21', '2023-05-24 15:41:21', NULL),
(83, 'DÖŞEMEALTI', 7, '2023-05-24 15:41:21', '2023-05-24 15:41:21', NULL),
(84, 'ELMALI', 7, '2023-05-24 15:41:21', '2023-05-24 15:41:21', NULL),
(85, 'FİNİKE', 7, '2023-05-24 15:41:21', '2023-05-24 15:41:21', NULL),
(86, 'GAZİPAŞA', 7, '2023-05-24 15:41:21', '2023-05-24 15:41:21', NULL),
(87, 'GÜNDOĞMUŞ', 7, '2023-05-24 15:41:21', '2023-05-24 15:41:21', NULL),
(88, 'İBRADI', 7, '2023-05-24 15:41:21', '2023-05-24 15:41:21', NULL),
(89, 'KAŞ', 7, '2023-05-24 15:41:21', '2023-05-24 15:41:21', NULL),
(90, 'KEMER', 7, '2023-05-24 15:41:21', '2023-05-24 15:41:21', NULL),
(91, 'KEPEZ', 7, '2023-05-24 15:41:21', '2023-05-24 15:41:21', NULL),
(92, 'KONYAALTI', 7, '2023-05-24 15:41:21', '2023-05-24 15:41:21', NULL),
(93, 'KORKUTELİ', 7, '2023-05-24 15:41:21', '2023-05-24 15:41:21', NULL),
(94, 'KUMLUCA', 7, '2023-05-24 15:41:21', '2023-05-24 15:41:21', NULL),
(95, 'MANAVGAT', 7, '2023-05-24 15:41:21', '2023-05-24 15:41:21', NULL),
(96, 'MURATPAŞA', 7, '2023-05-24 15:41:21', '2023-05-24 15:41:21', NULL),
(97, 'SERİK', 7, '2023-05-24 15:41:21', '2023-05-24 15:41:21', NULL),
(98, 'ARDANUÇ', 8, '2023-05-24 15:41:21', '2023-05-24 15:41:21', NULL),
(99, 'ARHAVİ', 8, '2023-05-24 15:41:21', '2023-05-24 15:41:21', NULL),
(100, 'BORÇKA', 8, '2023-05-24 15:41:21', '2023-05-24 15:41:21', NULL),
(101, 'HOPA', 8, '2023-05-24 15:41:21', '2023-05-24 15:41:21', NULL),
(102, 'MURGUL', 8, '2023-05-24 15:41:21', '2023-05-24 15:41:21', NULL),
(103, 'ŞAVŞAT', 8, '2023-05-24 15:41:21', '2023-05-24 15:41:21', NULL),
(104, 'YUSUFELİ', 8, '2023-05-24 15:41:21', '2023-05-24 15:41:21', NULL),
(105, 'BOZDOĞAN', 9, '2023-05-24 15:41:21', '2023-05-24 15:41:21', NULL),
(106, 'BUHARKENT', 9, '2023-05-24 15:41:21', '2023-05-24 15:41:21', NULL),
(107, 'ÇİNE', 9, '2023-05-24 15:41:21', '2023-05-24 15:41:21', NULL),
(108, 'DİDİM', 9, '2023-05-24 15:41:21', '2023-05-24 15:41:21', NULL),
(109, 'GERMENCİK', 9, '2023-05-24 15:41:21', '2023-05-24 15:41:21', NULL),
(110, 'İNCİRLİOVA', 9, '2023-05-24 15:41:21', '2023-05-24 15:41:21', NULL),
(111, 'KARACASU', 9, '2023-05-24 15:41:21', '2023-05-24 15:41:21', NULL),
(112, 'KARPUZLU', 9, '2023-05-24 15:41:21', '2023-05-24 15:41:21', NULL),
(113, 'KOÇARLI', 9, '2023-05-24 15:41:21', '2023-05-24 15:41:21', NULL),
(114, 'KÖŞK', 9, '2023-05-24 15:41:21', '2023-05-24 15:41:21', NULL),
(115, 'KUŞADASI', 9, '2023-05-24 15:41:21', '2023-05-24 15:41:21', NULL),
(116, 'KUYUCAK', 9, '2023-05-24 15:41:21', '2023-05-24 15:41:21', NULL),
(117, 'NAZİLLİ', 9, '2023-05-24 15:41:21', '2023-05-24 15:41:21', NULL),
(118, 'SÖKE', 9, '2023-05-24 15:41:21', '2023-05-24 15:41:21', NULL),
(119, 'SULTANHİSAR', 9, '2023-05-24 15:41:21', '2023-05-24 15:41:21', NULL),
(120, 'YENİPAZAR', 9, '2023-05-24 15:41:21', '2023-05-24 15:41:21', NULL),
(121, 'AYVALIK', 10, '2023-05-24 15:41:21', '2023-05-24 15:41:21', NULL),
(122, 'BALYA', 10, '2023-05-24 15:41:21', '2023-05-24 15:41:21', NULL),
(123, 'BANDIRMA', 10, '2023-05-24 15:41:21', '2023-05-24 15:41:21', NULL),
(124, 'BİGADİÇ', 10, '2023-05-24 15:41:21', '2023-05-24 15:41:21', NULL),
(125, 'BURHANİYE', 10, '2023-05-24 15:41:21', '2023-05-24 15:41:21', NULL),
(126, 'DURSUNBEY', 10, '2023-05-24 15:41:21', '2023-05-24 15:41:21', NULL),
(127, 'EDREMİT', 10, '2023-05-24 15:41:21', '2023-05-24 15:41:21', NULL),
(128, 'ERDEK', 10, '2023-05-24 15:41:21', '2023-05-24 15:41:21', NULL),
(129, 'GÖMEÇ', 10, '2023-05-24 15:41:21', '2023-05-24 15:41:21', NULL),
(130, 'GÖNEN', 10, '2023-05-24 15:41:21', '2023-05-24 15:41:21', NULL),
(131, 'HAVRAN', 10, '2023-05-24 15:41:21', '2023-05-24 15:41:21', NULL),
(132, 'İVRİNDİ', 10, '2023-05-24 15:41:21', '2023-05-24 15:41:21', NULL),
(133, 'KEPSUT', 10, '2023-05-24 15:41:21', '2023-05-24 15:41:21', NULL),
(134, 'MANYAS', 10, '2023-05-24 15:41:21', '2023-05-24 15:41:21', NULL),
(135, 'MARMARA', 10, '2023-05-24 15:41:21', '2023-05-24 15:41:21', NULL),
(136, 'SAVAŞTEPE', 10, '2023-05-24 15:41:21', '2023-05-24 15:41:21', NULL),
(137, 'SINDIRGI', 10, '2023-05-24 15:41:21', '2023-05-24 15:41:21', NULL),
(138, 'SUSURLUK', 10, '2023-05-24 15:41:21', '2023-05-24 15:41:21', NULL),
(139, 'BOZÜYÜK', 11, '2023-05-24 15:41:21', '2023-05-24 15:41:21', NULL),
(140, 'GÖLPAZARI', 11, '2023-05-24 15:41:21', '2023-05-24 15:41:21', NULL),
(141, 'İNHİSAR', 11, '2023-05-24 15:41:21', '2023-05-24 15:41:21', NULL),
(142, 'OSMANELİ', 11, '2023-05-24 15:41:21', '2023-05-24 15:41:21', NULL),
(143, 'PAZARYERİ', 11, '2023-05-24 15:41:21', '2023-05-24 15:41:21', NULL),
(144, 'SÖĞÜT', 11, '2023-05-24 15:41:21', '2023-05-24 15:41:21', NULL),
(145, 'YENİPAZAR', 11, '2023-05-24 15:41:21', '2023-05-24 15:41:21', NULL),
(146, 'ADAKLI', 12, '2023-05-24 15:41:21', '2023-05-24 15:41:21', NULL),
(147, 'GENÇ', 12, '2023-05-24 15:41:21', '2023-05-24 15:41:21', NULL),
(148, 'KARLIOVA', 12, '2023-05-24 15:41:21', '2023-05-24 15:41:21', NULL),
(149, 'KİĞI', 12, '2023-05-24 15:41:21', '2023-05-24 15:41:21', NULL),
(150, 'SOLHAN', 12, '2023-05-24 15:41:21', '2023-05-24 15:41:21', NULL),
(151, 'YAYLADERE', 12, '2023-05-24 15:41:21', '2023-05-24 15:41:21', NULL),
(152, 'YEDİSU', 12, '2023-05-24 15:41:21', '2023-05-24 15:41:21', NULL),
(153, 'ADİLCEVAZ', 13, '2023-05-24 15:41:21', '2023-05-24 15:41:21', NULL),
(154, 'AHLAT', 13, '2023-05-24 15:41:21', '2023-05-24 15:41:21', NULL),
(155, 'GÜROYMAK', 13, '2023-05-24 15:41:21', '2023-05-24 15:41:21', NULL),
(156, 'HİZAN', 13, '2023-05-24 15:41:21', '2023-05-24 15:41:21', NULL),
(157, 'MUTKİ', 13, '2023-05-24 15:41:21', '2023-05-24 15:41:21', NULL),
(158, 'TATVAN', 13, '2023-05-24 15:41:21', '2023-05-24 15:41:21', NULL),
(159, 'DÖRTDİVAN', 14, '2023-05-24 15:41:21', '2023-05-24 15:41:21', NULL),
(160, 'GEREDE', 14, '2023-05-24 15:41:21', '2023-05-24 15:41:21', NULL),
(161, 'GÖYNÜK', 14, '2023-05-24 15:41:21', '2023-05-24 15:41:21', NULL),
(162, 'KIBRISCIK', 14, '2023-05-24 15:41:21', '2023-05-24 15:41:21', NULL),
(163, 'MENGEN', 14, '2023-05-24 15:41:21', '2023-05-24 15:41:21', NULL),
(164, 'MUDURNU', 14, '2023-05-24 15:41:21', '2023-05-24 15:41:21', NULL),
(165, 'SEBEN', 14, '2023-05-24 15:41:21', '2023-05-24 15:41:21', NULL),
(166, 'YENİÇAĞA', 14, '2023-05-24 15:41:21', '2023-05-24 15:41:21', NULL),
(167, 'AĞLASUN', 15, '2023-05-24 15:41:21', '2023-05-24 15:41:21', NULL),
(168, 'ALTINYAYLA', 15, '2023-05-24 15:41:21', '2023-05-24 15:41:21', NULL),
(169, 'BUCAK', 15, '2023-05-24 15:41:21', '2023-05-24 15:41:21', NULL),
(170, 'ÇAVDIR', 15, '2023-05-24 15:41:21', '2023-05-24 15:41:21', NULL),
(171, 'ÇELTİKÇİ', 15, '2023-05-24 15:41:21', '2023-05-24 15:41:21', NULL),
(172, 'GÖLHİSAR', 15, '2023-05-24 15:41:21', '2023-05-24 15:41:21', NULL),
(173, 'KARAMANLI', 15, '2023-05-24 15:41:21', '2023-05-24 15:41:21', NULL),
(174, 'KEMER', 15, '2023-05-24 15:41:21', '2023-05-24 15:41:21', NULL),
(175, 'TEFENNİ', 15, '2023-05-24 15:41:21', '2023-05-24 15:41:21', NULL),
(176, 'YEŞİLOVA', 15, '2023-05-24 15:41:21', '2023-05-24 15:41:21', NULL),
(177, 'BÜYÜKORHAN', 16, '2023-05-24 15:41:21', '2023-05-24 15:41:21', NULL),
(178, 'GEMLİK', 16, '2023-05-24 15:41:21', '2023-05-24 15:41:21', NULL),
(179, 'GÜRSU', 16, '2023-05-24 15:41:21', '2023-05-24 15:41:21', NULL),
(180, 'HARMANCIK', 16, '2023-05-24 15:41:21', '2023-05-24 15:41:21', NULL),
(181, 'İNEGÖL', 16, '2023-05-24 15:41:21', '2023-05-24 15:41:21', NULL),
(182, 'İZNİK', 16, '2023-05-24 15:41:21', '2023-05-24 15:41:21', NULL),
(183, 'KARACABEY', 16, '2023-05-24 15:41:21', '2023-05-24 15:41:21', NULL),
(184, 'KELES', 16, '2023-05-24 15:41:21', '2023-05-24 15:41:21', NULL),
(185, 'KESTEL', 16, '2023-05-24 15:41:22', '2023-05-24 15:41:22', NULL),
(186, 'MUDANYA', 16, '2023-05-24 15:41:22', '2023-05-24 15:41:22', NULL),
(187, 'MUSTAFAKEMALPAŞA', 16, '2023-05-24 15:41:22', '2023-05-24 15:41:22', NULL),
(188, 'NİLÜFER', 16, '2023-05-24 15:41:22', '2023-05-24 15:41:22', NULL),
(189, 'ORHANELİ', 16, '2023-05-24 15:41:22', '2023-05-24 15:41:22', NULL),
(190, 'ORHANGAZİ', 16, '2023-05-24 15:41:22', '2023-05-24 15:41:22', NULL),
(191, 'OSMANGAZİ', 16, '2023-05-24 15:41:22', '2023-05-24 15:41:22', NULL),
(192, 'YENİŞEHİR', 16, '2023-05-24 15:41:22', '2023-05-24 15:41:22', NULL),
(193, 'YILDIRIM', 16, '2023-05-24 15:41:22', '2023-05-24 15:41:22', NULL),
(194, 'AYVACIK', 17, '2023-05-24 15:41:22', '2023-05-24 15:41:22', NULL),
(195, 'BAYRAMİÇ', 17, '2023-05-24 15:41:22', '2023-05-24 15:41:22', NULL),
(196, 'BİGA', 17, '2023-05-24 15:41:22', '2023-05-24 15:41:22', NULL),
(197, 'BOZCAADA', 17, '2023-05-24 15:41:22', '2023-05-24 15:41:22', NULL),
(198, 'ÇAN', 17, '2023-05-24 15:41:22', '2023-05-24 15:41:22', NULL),
(199, 'ECEABAT', 17, '2023-05-24 15:41:22', '2023-05-24 15:41:22', NULL),
(200, 'EZİNE', 17, '2023-05-24 15:41:22', '2023-05-24 15:41:22', NULL),
(201, 'GELİBOLU', 17, '2023-05-24 15:41:22', '2023-05-24 15:41:22', NULL),
(202, 'İMROZ', 17, '2023-05-24 15:41:22', '2023-05-24 15:41:22', NULL),
(203, 'LAPSEKİ', 17, '2023-05-24 15:41:22', '2023-05-24 15:41:22', NULL),
(204, 'YENİCE', 17, '2023-05-24 15:41:22', '2023-05-24 15:41:22', NULL),
(205, 'ATKARACALAR', 18, '2023-05-24 15:41:22', '2023-05-24 15:41:22', NULL),
(206, 'BAYRAMÖREN', 18, '2023-05-24 15:41:22', '2023-05-24 15:41:22', NULL),
(207, 'ÇERKEŞ', 18, '2023-05-24 15:41:22', '2023-05-24 15:41:22', NULL),
(208, 'ELDİVAN', 18, '2023-05-24 15:41:22', '2023-05-24 15:41:22', NULL),
(209, 'ILGAZ', 18, '2023-05-24 15:41:22', '2023-05-24 15:41:22', NULL),
(210, 'KIZILIRMAK', 18, '2023-05-24 15:41:22', '2023-05-24 15:41:22', NULL),
(211, 'KORGUN', 18, '2023-05-24 15:41:22', '2023-05-24 15:41:22', NULL),
(212, 'KURŞUNLU', 18, '2023-05-24 15:41:22', '2023-05-24 15:41:22', NULL),
(213, 'ORTA', 18, '2023-05-24 15:41:22', '2023-05-24 15:41:22', NULL),
(214, 'ŞABANÖZÜ', 18, '2023-05-24 15:41:22', '2023-05-24 15:41:22', NULL),
(215, 'YAPRAKLI', 18, '2023-05-24 15:41:22', '2023-05-24 15:41:22', NULL),
(216, 'ALACA', 19, '2023-05-24 15:41:22', '2023-05-24 15:41:22', NULL),
(217, 'BAYAT', 19, '2023-05-24 15:41:22', '2023-05-24 15:41:22', NULL),
(218, 'BOĞAZKALE', 19, '2023-05-24 15:41:22', '2023-05-24 15:41:22', NULL),
(219, 'DODURGA', 19, '2023-05-24 15:41:22', '2023-05-24 15:41:22', NULL),
(220, 'İSKİLİP', 19, '2023-05-24 15:41:22', '2023-05-24 15:41:22', NULL),
(221, 'KARGI', 19, '2023-05-24 15:41:22', '2023-05-24 15:41:22', NULL),
(222, 'LAÇİN', 19, '2023-05-24 15:41:22', '2023-05-24 15:41:22', NULL),
(223, 'MECİTÖZÜ', 19, '2023-05-24 15:41:22', '2023-05-24 15:41:22', NULL),
(224, 'OĞUZLAR', 19, '2023-05-24 15:41:22', '2023-05-24 15:41:22', NULL),
(225, 'ORTAKÖY', 19, '2023-05-24 15:41:22', '2023-05-24 15:41:22', NULL),
(226, 'OSMANCIK', 19, '2023-05-24 15:41:22', '2023-05-24 15:41:22', NULL),
(227, 'SUNGURLU', 19, '2023-05-24 15:41:22', '2023-05-24 15:41:22', NULL),
(228, 'UĞURLUDAĞ', 19, '2023-05-24 15:41:22', '2023-05-24 15:41:22', NULL),
(229, 'ACIPAYAM', 20, '2023-05-24 15:41:22', '2023-05-24 15:41:22', NULL),
(230, 'PAMUKKALE', 20, '2023-05-24 15:41:22', '2023-05-24 15:41:22', NULL),
(231, 'BABADAĞ', 20, '2023-05-24 15:41:22', '2023-05-24 15:41:22', NULL),
(232, 'BAKLAN', 20, '2023-05-24 15:41:22', '2023-05-24 15:41:22', NULL),
(233, 'BEKİLLİ', 20, '2023-05-24 15:41:22', '2023-05-24 15:41:22', NULL),
(234, 'BEYAĞAÇ', 20, '2023-05-24 15:41:22', '2023-05-24 15:41:22', NULL),
(235, 'BOZKURT', 20, '2023-05-24 15:41:22', '2023-05-24 15:41:22', NULL),
(236, 'BULDAN', 20, '2023-05-24 15:41:22', '2023-05-24 15:41:22', NULL),
(237, 'ÇAL', 20, '2023-05-24 15:41:22', '2023-05-24 15:41:22', NULL),
(238, 'ÇAMELİ', 20, '2023-05-24 15:41:22', '2023-05-24 15:41:22', NULL),
(239, 'ÇARDAK', 20, '2023-05-24 15:41:22', '2023-05-24 15:41:22', NULL),
(240, 'ÇİVRİL', 20, '2023-05-24 15:41:22', '2023-05-24 15:41:22', NULL),
(241, 'GÜNEY', 20, '2023-05-24 15:41:22', '2023-05-24 15:41:22', NULL),
(242, 'HONAZ', 20, '2023-05-24 15:41:22', '2023-05-24 15:41:22', NULL),
(243, 'KALE', 20, '2023-05-24 15:41:22', '2023-05-24 15:41:22', NULL),
(244, 'SARAYKÖY', 20, '2023-05-24 15:41:22', '2023-05-24 15:41:22', NULL),
(245, 'SERİNHİSAR', 20, '2023-05-24 15:41:22', '2023-05-24 15:41:22', NULL),
(246, 'TAVAS', 20, '2023-05-24 15:41:22', '2023-05-24 15:41:22', NULL),
(247, 'BAĞLAR', 21, '2023-05-24 15:41:22', '2023-05-24 15:41:22', NULL),
(248, 'BİSMİL', 21, '2023-05-24 15:41:22', '2023-05-24 15:41:22', NULL),
(249, 'ÇERMİK', 21, '2023-05-24 15:41:22', '2023-05-24 15:41:22', NULL),
(250, 'ÇINAR', 21, '2023-05-24 15:41:22', '2023-05-24 15:41:22', NULL),
(251, 'ÇÜNGÜŞ', 21, '2023-05-24 15:41:22', '2023-05-24 15:41:22', NULL),
(252, 'DİCLE', 21, '2023-05-24 15:41:22', '2023-05-24 15:41:22', NULL),
(253, 'EĞİL', 21, '2023-05-24 15:41:22', '2023-05-24 15:41:22', NULL),
(254, 'ERGANİ', 21, '2023-05-24 15:41:22', '2023-05-24 15:41:22', NULL),
(255, 'HANİ', 21, '2023-05-24 15:41:22', '2023-05-24 15:41:22', NULL),
(256, 'HAZRO', 21, '2023-05-24 15:41:22', '2023-05-24 15:41:22', NULL),
(257, 'KAYAPINAR', 21, '2023-05-24 15:41:22', '2023-05-24 15:41:22', NULL),
(258, 'KOCAKÖY', 21, '2023-05-24 15:41:22', '2023-05-24 15:41:22', NULL),
(259, 'KULP', 21, '2023-05-24 15:41:22', '2023-05-24 15:41:22', NULL),
(260, 'LİCE', 21, '2023-05-24 15:41:22', '2023-05-24 15:41:22', NULL),
(261, 'SİLVAN', 21, '2023-05-24 15:41:22', '2023-05-24 15:41:22', NULL),
(262, 'SUR', 21, '2023-05-24 15:41:22', '2023-05-24 15:41:22', NULL),
(263, 'YENİŞEHİR', 21, '2023-05-24 15:41:22', '2023-05-24 15:41:22', NULL),
(264, 'ENEZ', 22, '2023-05-24 15:41:22', '2023-05-24 15:41:22', NULL),
(265, 'HAVSA', 22, '2023-05-24 15:41:22', '2023-05-24 15:41:22', NULL),
(266, 'İPSALA', 22, '2023-05-24 15:41:22', '2023-05-24 15:41:22', NULL),
(267, 'KEŞAN', 22, '2023-05-24 15:41:22', '2023-05-24 15:41:22', NULL),
(268, 'LALAPAŞA', 22, '2023-05-24 15:41:22', '2023-05-24 15:41:22', NULL),
(269, 'MERİÇ', 22, '2023-05-24 15:41:22', '2023-05-24 15:41:22', NULL),
(270, 'SÜLOĞLU', 22, '2023-05-24 15:41:22', '2023-05-24 15:41:22', NULL),
(271, 'UZUNKÖPRÜ', 22, '2023-05-24 15:41:22', '2023-05-24 15:41:22', NULL),
(272, 'AĞIN', 23, '2023-05-24 15:41:22', '2023-05-24 15:41:22', NULL),
(273, 'ALACAKAYA', 23, '2023-05-24 15:41:22', '2023-05-24 15:41:22', NULL),
(274, 'ARICAK', 23, '2023-05-24 15:41:22', '2023-05-24 15:41:22', NULL),
(275, 'BASKİL', 23, '2023-05-24 15:41:22', '2023-05-24 15:41:22', NULL),
(276, 'KARAKOÇAN', 23, '2023-05-24 15:41:22', '2023-05-24 15:41:22', NULL),
(277, 'KEBAN', 23, '2023-05-24 15:41:22', '2023-05-24 15:41:22', NULL),
(278, 'KOVANCILAR', 23, '2023-05-24 15:41:22', '2023-05-24 15:41:22', NULL),
(279, 'MADEN', 23, '2023-05-24 15:41:22', '2023-05-24 15:41:22', NULL),
(280, 'PALU', 23, '2023-05-24 15:41:22', '2023-05-24 15:41:22', NULL),
(281, 'SİVRİCE', 23, '2023-05-24 15:41:22', '2023-05-24 15:41:22', NULL),
(282, 'ÇAYIRLI', 24, '2023-05-24 15:41:22', '2023-05-24 15:41:22', NULL),
(283, 'İLİÇ', 24, '2023-05-24 15:41:22', '2023-05-24 15:41:22', NULL),
(284, 'KEMAH', 24, '2023-05-24 15:41:22', '2023-05-24 15:41:22', NULL),
(285, 'KEMALİYE', 24, '2023-05-24 15:41:22', '2023-05-24 15:41:22', NULL),
(286, 'OTLUKBELİ', 24, '2023-05-24 15:41:22', '2023-05-24 15:41:22', NULL),
(287, 'REFAHİYE', 24, '2023-05-24 15:41:22', '2023-05-24 15:41:22', NULL),
(288, 'TERCAN', 24, '2023-05-24 15:41:22', '2023-05-24 15:41:22', NULL),
(289, 'ÜZÜMLÜ', 24, '2023-05-24 15:41:22', '2023-05-24 15:41:22', NULL),
(290, 'AŞKALE', 25, '2023-05-24 15:41:22', '2023-05-24 15:41:22', NULL),
(291, 'AZİZİYE', 25, '2023-05-24 15:41:22', '2023-05-24 15:41:22', NULL),
(292, 'ÇAT', 25, '2023-05-24 15:41:22', '2023-05-24 15:41:22', NULL),
(293, 'HINIS', 25, '2023-05-24 15:41:22', '2023-05-24 15:41:22', NULL),
(294, 'HORASAN', 25, '2023-05-24 15:41:22', '2023-05-24 15:41:22', NULL),
(295, 'İSPİR', 25, '2023-05-24 15:41:22', '2023-05-24 15:41:22', NULL),
(296, 'KARAÇOBAN', 25, '2023-05-24 15:41:22', '2023-05-24 15:41:22', NULL),
(297, 'KARAYAZI', 25, '2023-05-24 15:41:22', '2023-05-24 15:41:22', NULL),
(298, 'KÖPRÜKÖY', 25, '2023-05-24 15:41:22', '2023-05-24 15:41:22', NULL),
(299, 'NARMAN', 25, '2023-05-24 15:41:22', '2023-05-24 15:41:22', NULL),
(300, 'OLTU', 25, '2023-05-24 15:41:22', '2023-05-24 15:41:22', NULL),
(301, 'OLUR', 25, '2023-05-24 15:41:22', '2023-05-24 15:41:22', NULL),
(302, 'PALANDÖKEN', 25, '2023-05-24 15:41:22', '2023-05-24 15:41:22', NULL),
(303, 'PASİNLER', 25, '2023-05-24 15:41:22', '2023-05-24 15:41:22', NULL),
(304, 'PAZARYOLU', 25, '2023-05-24 15:41:22', '2023-05-24 15:41:22', NULL),
(305, 'ŞENKAYA', 25, '2023-05-24 15:41:22', '2023-05-24 15:41:22', NULL),
(306, 'TEKMAN', 25, '2023-05-24 15:41:22', '2023-05-24 15:41:22', NULL),
(307, 'TORTUM', 25, '2023-05-24 15:41:22', '2023-05-24 15:41:22', NULL),
(308, 'UZUNDERE', 25, '2023-05-24 15:41:22', '2023-05-24 15:41:22', NULL),
(309, 'YAKUTİYE', 25, '2023-05-24 15:41:22', '2023-05-24 15:41:22', NULL),
(310, 'ALPU', 26, '2023-05-24 15:41:22', '2023-05-24 15:41:22', NULL),
(311, 'BEYLİKOVA', 26, '2023-05-24 15:41:22', '2023-05-24 15:41:22', NULL),
(312, 'ÇİFTELER', 26, '2023-05-24 15:41:22', '2023-05-24 15:41:22', NULL),
(313, 'GÜNYÜZÜ', 26, '2023-05-24 15:41:22', '2023-05-24 15:41:22', NULL),
(314, 'HAN', 26, '2023-05-24 15:41:22', '2023-05-24 15:41:22', NULL),
(315, 'İNÖNÜ', 26, '2023-05-24 15:41:22', '2023-05-24 15:41:22', NULL),
(316, 'MAHMUDİYE', 26, '2023-05-24 15:41:22', '2023-05-24 15:41:22', NULL),
(317, 'MİHALGAZİ', 26, '2023-05-24 15:41:22', '2023-05-24 15:41:22', NULL),
(318, 'MİHALIÇÇIK', 26, '2023-05-24 15:41:22', '2023-05-24 15:41:22', NULL),
(319, 'ODUNPAZARI', 26, '2023-05-24 15:41:22', '2023-05-24 15:41:22', NULL),
(320, 'SARICAKAYA', 26, '2023-05-24 15:41:22', '2023-05-24 15:41:22', NULL),
(321, 'SEYİTGAZİ', 26, '2023-05-24 15:41:22', '2023-05-24 15:41:22', NULL),
(322, 'SİVRİHİSAR', 26, '2023-05-24 15:41:22', '2023-05-24 15:41:22', NULL),
(323, 'TEPEBAŞI', 26, '2023-05-24 15:41:22', '2023-05-24 15:41:22', NULL),
(324, 'ARABAN', 27, '2023-05-24 15:41:22', '2023-05-24 15:41:22', NULL),
(325, 'İSLAHİYE', 27, '2023-05-24 15:41:22', '2023-05-24 15:41:22', NULL),
(326, 'KARKAMIŞ', 27, '2023-05-24 15:41:22', '2023-05-24 15:41:22', NULL),
(327, 'NİZİP', 27, '2023-05-24 15:41:22', '2023-05-24 15:41:22', NULL),
(328, 'NURDAĞI', 27, '2023-05-24 15:41:22', '2023-05-24 15:41:22', NULL),
(329, 'OĞUZELİ', 27, '2023-05-24 15:41:22', '2023-05-24 15:41:22', NULL),
(330, 'ŞAHİNBEY', 27, '2023-05-24 15:41:22', '2023-05-24 15:41:22', NULL),
(331, 'ŞEHİTKAMİL', 27, '2023-05-24 15:41:22', '2023-05-24 15:41:22', NULL),
(332, 'YAVUZELİ', 27, '2023-05-24 15:41:22', '2023-05-24 15:41:22', NULL),
(333, 'ALUCRA', 28, '2023-05-24 15:41:22', '2023-05-24 15:41:22', NULL),
(334, 'BULANCAK', 28, '2023-05-24 15:41:22', '2023-05-24 15:41:22', NULL),
(335, 'ÇAMOLUK', 28, '2023-05-24 15:41:22', '2023-05-24 15:41:22', NULL),
(336, 'ÇANAKÇI', 28, '2023-05-24 15:41:22', '2023-05-24 15:41:22', NULL),
(337, 'DERELİ', 28, '2023-05-24 15:41:22', '2023-05-24 15:41:22', NULL),
(338, 'DOĞANKENT', 28, '2023-05-24 15:41:22', '2023-05-24 15:41:22', NULL),
(339, 'ESPİYE', 28, '2023-05-24 15:41:22', '2023-05-24 15:41:22', NULL),
(340, 'EYNESİL', 28, '2023-05-24 15:41:22', '2023-05-24 15:41:22', NULL),
(341, 'GÖRELE', 28, '2023-05-24 15:41:22', '2023-05-24 15:41:22', NULL),
(342, 'GÜCE', 28, '2023-05-24 15:41:22', '2023-05-24 15:41:22', NULL),
(343, 'KEŞAP', 28, '2023-05-24 15:41:22', '2023-05-24 15:41:22', NULL),
(344, 'PİRAZİZ', 28, '2023-05-24 15:41:22', '2023-05-24 15:41:22', NULL),
(345, 'ŞEBİNKARAHİSAR', 28, '2023-05-24 15:41:22', '2023-05-24 15:41:22', NULL),
(346, 'TİREBOLU', 28, '2023-05-24 15:41:22', '2023-05-24 15:41:22', NULL),
(347, 'YAĞLIDERE', 28, '2023-05-24 15:41:22', '2023-05-24 15:41:22', NULL),
(348, 'KELKİT', 29, '2023-05-24 15:41:22', '2023-05-24 15:41:22', NULL),
(349, 'KÖSE', 29, '2023-05-24 15:41:22', '2023-05-24 15:41:22', NULL),
(350, 'KÜRTÜN', 29, '2023-05-24 15:41:22', '2023-05-24 15:41:22', NULL),
(351, 'ŞİRAN', 29, '2023-05-24 15:41:22', '2023-05-24 15:41:22', NULL),
(352, 'TORUL', 29, '2023-05-24 15:41:22', '2023-05-24 15:41:22', NULL),
(353, 'ÇUKURCA', 30, '2023-05-24 15:41:22', '2023-05-24 15:41:22', NULL),
(354, 'ŞEMDİNLİ', 30, '2023-05-24 15:41:22', '2023-05-24 15:41:22', NULL),
(355, 'YÜKSEKOVA', 30, '2023-05-24 15:41:22', '2023-05-24 15:41:22', NULL),
(356, 'ALTINÖZÜ', 31, '2023-05-24 15:41:22', '2023-05-24 15:41:22', NULL),
(357, 'BELEN', 31, '2023-05-24 15:41:22', '2023-05-24 15:41:22', NULL),
(358, 'DÖRTYOL', 31, '2023-05-24 15:41:22', '2023-05-24 15:41:22', NULL),
(359, 'ERZİN', 31, '2023-05-24 15:41:22', '2023-05-24 15:41:22', NULL),
(360, 'HASSA', 31, '2023-05-24 15:41:22', '2023-05-24 15:41:22', NULL),
(361, 'İSKENDERUN', 31, '2023-05-24 15:41:22', '2023-05-24 15:41:22', NULL),
(362, 'KIRIKHAN', 31, '2023-05-24 15:41:22', '2023-05-24 15:41:22', NULL),
(363, 'KUMLU', 31, '2023-05-24 15:41:22', '2023-05-24 15:41:22', NULL),
(364, 'REYHANLI', 31, '2023-05-24 15:41:22', '2023-05-24 15:41:22', NULL),
(365, 'SAMANDAĞ', 31, '2023-05-24 15:41:22', '2023-05-24 15:41:22', NULL),
(366, 'YAYLADAĞI', 31, '2023-05-24 15:41:22', '2023-05-24 15:41:22', NULL),
(367, 'AKSU', 32, '2023-05-24 15:41:22', '2023-05-24 15:41:22', NULL),
(368, 'ATABEY', 32, '2023-05-24 15:41:22', '2023-05-24 15:41:22', NULL),
(369, 'EĞİRDİR', 32, '2023-05-24 15:41:22', '2023-05-24 15:41:22', NULL),
(370, 'GELENDOST', 32, '2023-05-24 15:41:22', '2023-05-24 15:41:22', NULL),
(371, 'GÖNEN', 32, '2023-05-24 15:41:22', '2023-05-24 15:41:22', NULL),
(372, 'KEÇİBORLU', 32, '2023-05-24 15:41:22', '2023-05-24 15:41:22', NULL),
(373, 'SENİRKENT', 32, '2023-05-24 15:41:22', '2023-05-24 15:41:22', NULL),
(374, 'SÜTÇÜLER', 32, '2023-05-24 15:41:22', '2023-05-24 15:41:22', NULL),
(375, 'ŞARKİKARAAĞAÇ', 32, '2023-05-24 15:41:22', '2023-05-24 15:41:22', NULL),
(376, 'ULUBORLU', 32, '2023-05-24 15:41:22', '2023-05-24 15:41:22', NULL),
(377, 'YALVAÇ', 32, '2023-05-24 15:41:22', '2023-05-24 15:41:22', NULL),
(378, 'YENİŞARBADEMLİ', 32, '2023-05-24 15:41:22', '2023-05-24 15:41:22', NULL),
(379, 'AKDENİZ', 33, '2023-05-24 15:41:22', '2023-05-24 15:41:22', NULL),
(380, 'ANAMUR', 33, '2023-05-24 15:41:22', '2023-05-24 15:41:22', NULL),
(381, 'AYDINCIK', 33, '2023-05-24 15:41:22', '2023-05-24 15:41:22', NULL),
(382, 'BOZYAZI', 33, '2023-05-24 15:41:22', '2023-05-24 15:41:22', NULL),
(383, 'ÇAMLIYAYLA', 33, '2023-05-24 15:41:22', '2023-05-24 15:41:22', NULL),
(384, 'ERDEMLİ', 33, '2023-05-24 15:41:22', '2023-05-24 15:41:22', NULL),
(385, 'GÜLNAR', 33, '2023-05-24 15:41:22', '2023-05-24 15:41:22', NULL),
(386, 'MEZİTLİ', 33, '2023-05-24 15:41:22', '2023-05-24 15:41:22', NULL),
(387, 'MUT', 33, '2023-05-24 15:41:22', '2023-05-24 15:41:22', NULL),
(388, 'SİLİFKE', 33, '2023-05-24 15:41:22', '2023-05-24 15:41:22', NULL),
(389, 'TARSUS', 33, '2023-05-24 15:41:22', '2023-05-24 15:41:22', NULL),
(390, 'TOROSLAR', 33, '2023-05-24 15:41:22', '2023-05-24 15:41:22', NULL),
(391, 'YENİŞEHİR', 33, '2023-05-24 15:41:22', '2023-05-24 15:41:22', NULL),
(392, 'ADALAR', 34, '2023-05-24 15:41:22', '2023-05-24 15:41:22', NULL),
(393, 'ARNAVUTKÖY', 34, '2023-05-24 15:41:22', '2023-05-24 15:41:22', NULL),
(394, 'ATAŞEHİR', 34, '2023-05-24 15:41:22', '2023-05-24 15:41:22', NULL),
(395, 'AVCILAR', 34, '2023-05-24 15:41:22', '2023-05-24 15:41:22', NULL),
(396, 'BAĞCILAR', 34, '2023-05-24 15:41:22', '2023-05-24 15:41:22', NULL),
(397, 'BAHÇELİEVLER', 34, '2023-05-24 15:41:22', '2023-05-24 15:41:22', NULL),
(398, 'BAKIRKÖY', 34, '2023-05-24 15:41:22', '2023-05-24 15:41:22', NULL),
(399, 'BAŞAKŞEHİR', 34, '2023-05-24 15:41:22', '2023-05-24 15:41:22', NULL),
(400, 'BAYRAMPAŞA', 34, '2023-05-24 15:41:22', '2023-05-24 15:41:22', NULL),
(401, 'BEŞİKTAŞ', 34, '2023-05-24 15:41:22', '2023-05-24 15:41:22', NULL),
(402, 'BEYKOZ', 34, '2023-05-24 15:41:22', '2023-05-24 15:41:22', NULL),
(403, 'BEYLİKDÜZÜ', 34, '2023-05-24 15:41:22', '2023-05-24 15:41:22', NULL),
(404, 'BEYOĞLU', 34, '2023-05-24 15:41:22', '2023-05-24 15:41:22', NULL),
(405, 'BÜYÜKÇEKMECE', 34, '2023-05-24 15:41:22', '2023-05-24 15:41:22', NULL),
(406, 'ÇATALCA', 34, '2023-05-24 15:41:22', '2023-05-24 15:41:22', NULL),
(407, 'ÇEKMEKÖY', 34, '2023-05-24 15:41:22', '2023-05-24 15:41:22', NULL),
(408, 'ESENLER', 34, '2023-05-24 15:41:22', '2023-05-24 15:41:22', NULL),
(409, 'ESENYURT', 34, '2023-05-24 15:41:22', '2023-05-24 15:41:22', NULL),
(410, 'EYÜP', 34, '2023-05-24 15:41:22', '2023-05-24 15:41:22', NULL),
(411, 'FATİH', 34, '2023-05-24 15:41:22', '2023-05-24 15:41:22', NULL),
(412, 'GAZİOSMANPAŞA', 34, '2023-05-24 15:41:22', '2023-05-24 15:41:22', NULL),
(413, 'GÜNGÖREN', 34, '2023-05-24 15:41:22', '2023-05-24 15:41:22', NULL),
(414, 'KADIKÖY', 34, '2023-05-24 15:41:22', '2023-05-24 15:41:22', NULL),
(415, 'KAĞITHANE', 34, '2023-05-24 15:41:22', '2023-05-24 15:41:22', NULL),
(416, 'KARTAL', 34, '2023-05-24 15:41:22', '2023-05-24 15:41:22', NULL),
(417, 'KÜÇÜKÇEKMECE', 34, '2023-05-24 15:41:22', '2023-05-24 15:41:22', NULL),
(418, 'MALTEPE', 34, '2023-05-24 15:41:22', '2023-05-24 15:41:22', NULL),
(419, 'PENDİK', 34, '2023-05-24 15:41:22', '2023-05-24 15:41:22', NULL),
(420, 'SANCAKTEPE', 34, '2023-05-24 15:41:22', '2023-05-24 15:41:22', NULL),
(421, 'SARIYER', 34, '2023-05-24 15:41:22', '2023-05-24 15:41:22', NULL),
(422, 'SİLİVRİ', 34, '2023-05-24 15:41:22', '2023-05-24 15:41:22', NULL),
(423, 'SULTANBEYLİ', 34, '2023-05-24 15:41:22', '2023-05-24 15:41:22', NULL),
(424, 'SULTANGAZİ', 34, '2023-05-24 15:41:22', '2023-05-24 15:41:22', NULL),
(425, 'ŞİLE', 34, '2023-05-24 15:41:22', '2023-05-24 15:41:22', NULL),
(426, 'ŞİŞLİ', 34, '2023-05-24 15:41:22', '2023-05-24 15:41:22', NULL),
(427, 'TUZLA', 34, '2023-05-24 15:41:22', '2023-05-24 15:41:22', NULL),
(428, 'ÜMRANİYE', 34, '2023-05-24 15:41:22', '2023-05-24 15:41:22', NULL),
(429, 'ÜSKÜDAR', 34, '2023-05-24 15:41:22', '2023-05-24 15:41:22', NULL),
(430, 'ZEYTİNBURNU', 34, '2023-05-24 15:41:22', '2023-05-24 15:41:22', NULL),
(431, 'ALİAĞA', 35, '2023-05-24 15:41:22', '2023-05-24 15:41:22', NULL),
(432, 'BALÇOVA', 35, '2023-05-24 15:41:22', '2023-05-24 15:41:22', NULL),
(433, 'BAYINDIR', 35, '2023-05-24 15:41:22', '2023-05-24 15:41:22', NULL),
(434, 'BAYRAKLI', 35, '2023-05-24 15:41:22', '2023-05-24 15:41:22', NULL),
(435, 'BERGAMA', 35, '2023-05-24 15:41:22', '2023-05-24 15:41:22', NULL),
(436, 'BEYDAĞ', 35, '2023-05-24 15:41:22', '2023-05-24 15:41:22', NULL),
(437, 'BORNOVA', 35, '2023-05-24 15:41:22', '2023-05-24 15:41:22', NULL),
(438, 'BUCA', 35, '2023-05-24 15:41:22', '2023-05-24 15:41:22', NULL),
(439, 'ÇEŞME', 35, '2023-05-24 15:41:22', '2023-05-24 15:41:22', NULL),
(440, 'ÇİĞLİ', 35, '2023-05-24 15:41:22', '2023-05-24 15:41:22', NULL),
(441, 'DİKİLİ', 35, '2023-05-24 15:41:22', '2023-05-24 15:41:22', NULL),
(442, 'FOÇA', 35, '2023-05-24 15:41:22', '2023-05-24 15:41:22', NULL),
(443, 'GAZİEMİR', 35, '2023-05-24 15:41:22', '2023-05-24 15:41:22', NULL),
(444, 'GÜZELBAHÇE', 35, '2023-05-24 15:41:22', '2023-05-24 15:41:22', NULL),
(445, 'KARABAĞLAR', 35, '2023-05-24 15:41:22', '2023-05-24 15:41:22', NULL),
(446, 'KARABURUN', 35, '2023-05-24 15:41:22', '2023-05-24 15:41:22', NULL),
(447, 'KARŞIYAKA', 35, '2023-05-24 15:41:22', '2023-05-24 15:41:22', NULL),
(448, 'KEMALPAŞA', 35, '2023-05-24 15:41:22', '2023-05-24 15:41:22', NULL),
(449, 'KINIK', 35, '2023-05-24 15:41:22', '2023-05-24 15:41:22', NULL),
(450, 'KİRAZ', 35, '2023-05-24 15:41:22', '2023-05-24 15:41:22', NULL),
(451, 'KONAK', 35, '2023-05-24 15:41:22', '2023-05-24 15:41:22', NULL),
(452, 'MENDERES', 35, '2023-05-24 15:41:22', '2023-05-24 15:41:22', NULL),
(453, 'MENEMEN', 35, '2023-05-24 15:41:22', '2023-05-24 15:41:22', NULL),
(454, 'NARLIDERE', 35, '2023-05-24 15:41:22', '2023-05-24 15:41:22', NULL),
(455, 'ÖDEMİŞ', 35, '2023-05-24 15:41:22', '2023-05-24 15:41:22', NULL),
(456, 'SEFERİHİSAR', 35, '2023-05-24 15:41:22', '2023-05-24 15:41:22', NULL),
(457, 'SELÇUK', 35, '2023-05-24 15:41:22', '2023-05-24 15:41:22', NULL),
(458, 'TİRE', 35, '2023-05-24 15:41:22', '2023-05-24 15:41:22', NULL),
(459, 'TORBALI', 35, '2023-05-24 15:41:22', '2023-05-24 15:41:22', NULL),
(460, 'URLA', 35, '2023-05-24 15:41:22', '2023-05-24 15:41:22', NULL),
(461, 'AKYAKA', 36, '2023-05-24 15:41:22', '2023-05-24 15:41:22', NULL),
(462, 'ARPAÇAY', 36, '2023-05-24 15:41:22', '2023-05-24 15:41:22', NULL),
(463, 'DİGOR', 36, '2023-05-24 15:41:22', '2023-05-24 15:41:22', NULL),
(464, 'KAĞIZMAN', 36, '2023-05-24 15:41:22', '2023-05-24 15:41:22', NULL),
(465, 'SARIKAMIŞ', 36, '2023-05-24 15:41:22', '2023-05-24 15:41:22', NULL),
(466, 'SELİM', 36, '2023-05-24 15:41:22', '2023-05-24 15:41:22', NULL),
(467, 'SUSUZ', 36, '2023-05-24 15:41:22', '2023-05-24 15:41:22', NULL),
(468, 'ABANA', 37, '2023-05-24 15:41:22', '2023-05-24 15:41:22', NULL),
(469, 'AĞLI', 37, '2023-05-24 15:41:22', '2023-05-24 15:41:22', NULL),
(470, 'ARAÇ', 37, '2023-05-24 15:41:22', '2023-05-24 15:41:22', NULL),
(471, 'AZDAVAY', 37, '2023-05-24 15:41:22', '2023-05-24 15:41:22', NULL),
(472, 'BOZKURT', 37, '2023-05-24 15:41:22', '2023-05-24 15:41:22', NULL),
(473, 'CİDE', 37, '2023-05-24 15:41:22', '2023-05-24 15:41:22', NULL),
(474, 'ÇATALZEYTİN', 37, '2023-05-24 15:41:22', '2023-05-24 15:41:22', NULL),
(475, 'DADAY', 37, '2023-05-24 15:41:22', '2023-05-24 15:41:22', NULL),
(476, 'DEVREKANİ', 37, '2023-05-24 15:41:22', '2023-05-24 15:41:22', NULL),
(477, 'DOĞANYURT', 37, '2023-05-24 15:41:22', '2023-05-24 15:41:22', NULL),
(478, 'HANÖNÜ', 37, '2023-05-24 15:41:22', '2023-05-24 15:41:22', NULL),
(479, 'İHSANGAZİ', 37, '2023-05-24 15:41:22', '2023-05-24 15:41:22', NULL),
(480, 'İNEBOLU', 37, '2023-05-24 15:41:22', '2023-05-24 15:41:22', NULL),
(481, 'KÜRE', 37, '2023-05-24 15:41:22', '2023-05-24 15:41:22', NULL),
(482, 'PINARBAŞI', 37, '2023-05-24 15:41:22', '2023-05-24 15:41:22', NULL),
(483, 'SEYDİLER', 37, '2023-05-24 15:41:22', '2023-05-24 15:41:22', NULL),
(484, 'ŞENPAZAR', 37, '2023-05-24 15:41:22', '2023-05-24 15:41:22', NULL),
(485, 'TAŞKÖPRÜ', 37, '2023-05-24 15:41:22', '2023-05-24 15:41:22', NULL),
(486, 'TOSYA', 37, '2023-05-24 15:41:22', '2023-05-24 15:41:22', NULL),
(487, 'AKKIŞLA', 38, '2023-05-24 15:41:22', '2023-05-24 15:41:22', NULL),
(488, 'BÜNYAN', 38, '2023-05-24 15:41:22', '2023-05-24 15:41:22', NULL),
(489, 'DEVELİ', 38, '2023-05-24 15:41:22', '2023-05-24 15:41:22', NULL),
(490, 'FELAHİYE', 38, '2023-05-24 15:41:22', '2023-05-24 15:41:22', NULL),
(491, 'HACILAR', 38, '2023-05-24 15:41:22', '2023-05-24 15:41:22', NULL),
(492, 'İNCESU', 38, '2023-05-24 15:41:22', '2023-05-24 15:41:22', NULL),
(493, 'KOCASİNAN', 38, '2023-05-24 15:41:22', '2023-05-24 15:41:22', NULL),
(494, 'MELİKGAZİ', 38, '2023-05-24 15:41:22', '2023-05-24 15:41:22', NULL),
(495, 'ÖZVATAN', 38, '2023-05-24 15:41:22', '2023-05-24 15:41:22', NULL),
(496, 'PINARBAŞI', 38, '2023-05-24 15:41:22', '2023-05-24 15:41:22', NULL),
(497, 'SARIOĞLAN', 38, '2023-05-24 15:41:22', '2023-05-24 15:41:22', NULL),
(498, 'SARIZ', 38, '2023-05-24 15:41:22', '2023-05-24 15:41:22', NULL),
(499, 'TALAS', 38, '2023-05-24 15:41:22', '2023-05-24 15:41:22', NULL),
(500, 'TOMARZA', 38, '2023-05-24 15:41:22', '2023-05-24 15:41:22', NULL),
(501, 'YAHYALI', 38, '2023-05-24 15:41:22', '2023-05-24 15:41:22', NULL),
(502, 'YEŞİLHİSAR', 38, '2023-05-24 15:41:22', '2023-05-24 15:41:22', NULL),
(503, 'BABAESKİ', 39, '2023-05-24 15:41:22', '2023-05-24 15:41:22', NULL),
(504, 'DEMİRKÖY', 39, '2023-05-24 15:41:22', '2023-05-24 15:41:22', NULL),
(505, 'KOFÇAZ', 39, '2023-05-24 15:41:22', '2023-05-24 15:41:22', NULL),
(506, 'LÜLEBURGAZ', 39, '2023-05-24 15:41:22', '2023-05-24 15:41:22', NULL),
(507, 'PEHLİVANKÖY', 39, '2023-05-24 15:41:22', '2023-05-24 15:41:22', NULL),
(508, 'PINARHİSAR', 39, '2023-05-24 15:41:22', '2023-05-24 15:41:22', NULL),
(509, 'VİZE', 39, '2023-05-24 15:41:22', '2023-05-24 15:41:22', NULL),
(510, 'AKÇAKENT', 40, '2023-05-24 15:41:22', '2023-05-24 15:41:22', NULL),
(511, 'AKPINAR', 40, '2023-05-24 15:41:22', '2023-05-24 15:41:22', NULL),
(512, 'BOZTEPE', 40, '2023-05-24 15:41:22', '2023-05-24 15:41:22', NULL),
(513, 'ÇİÇEKDAĞI', 40, '2023-05-24 15:41:22', '2023-05-24 15:41:22', NULL),
(514, 'KAMAN', 40, '2023-05-24 15:41:22', '2023-05-24 15:41:22', NULL),
(515, 'MUCUR', 40, '2023-05-24 15:41:22', '2023-05-24 15:41:22', NULL),
(516, 'BAŞİSKELE', 41, '2023-05-24 15:41:22', '2023-05-24 15:41:22', NULL),
(517, 'ÇAYIROVA', 41, '2023-05-24 15:41:22', '2023-05-24 15:41:22', NULL),
(518, 'DARICA', 41, '2023-05-24 15:41:22', '2023-05-24 15:41:22', NULL),
(519, 'DERİNCE', 41, '2023-05-24 15:41:22', '2023-05-24 15:41:22', NULL),
(520, 'DİLOVASI', 41, '2023-05-24 15:41:22', '2023-05-24 15:41:22', NULL),
(521, 'GEBZE', 41, '2023-05-24 15:41:22', '2023-05-24 15:41:22', NULL),
(522, 'GÖLCÜK', 41, '2023-05-24 15:41:22', '2023-05-24 15:41:22', NULL),
(523, 'İZMİT', 41, '2023-05-24 15:41:22', '2023-05-24 15:41:22', NULL),
(524, 'KANDIRA', 41, '2023-05-24 15:41:22', '2023-05-24 15:41:22', NULL),
(525, 'KARAMÜRSEL', 41, '2023-05-24 15:41:22', '2023-05-24 15:41:22', NULL),
(526, 'KARTEPE', 41, '2023-05-24 15:41:22', '2023-05-24 15:41:22', NULL),
(527, 'KÖRFEZ', 41, '2023-05-24 15:41:22', '2023-05-24 15:41:22', NULL),
(528, 'AHIRLI', 42, '2023-05-24 15:41:22', '2023-05-24 15:41:22', NULL),
(529, 'AKÖREN', 42, '2023-05-24 15:41:22', '2023-05-24 15:41:22', NULL),
(530, 'AKŞEHİR', 42, '2023-05-24 15:41:22', '2023-05-24 15:41:22', NULL),
(531, 'ALTINEKİN', 42, '2023-05-24 15:41:22', '2023-05-24 15:41:22', NULL),
(532, 'BEYŞEHİR', 42, '2023-05-24 15:41:22', '2023-05-24 15:41:22', NULL),
(533, 'BOZKIR', 42, '2023-05-24 15:41:22', '2023-05-24 15:41:22', NULL),
(534, 'CİHANBEYLİ', 42, '2023-05-24 15:41:22', '2023-05-24 15:41:22', NULL),
(535, 'ÇELTİK', 42, '2023-05-24 15:41:22', '2023-05-24 15:41:22', NULL),
(536, 'ÇUMRA', 42, '2023-05-24 15:41:22', '2023-05-24 15:41:22', NULL),
(537, 'DERBENT', 42, '2023-05-24 15:41:22', '2023-05-24 15:41:22', NULL),
(538, 'DEREBUCAK', 42, '2023-05-24 15:41:22', '2023-05-24 15:41:22', NULL),
(539, 'DOĞANHİSAR', 42, '2023-05-24 15:41:22', '2023-05-24 15:41:22', NULL),
(540, 'EMİRGAZİ', 42, '2023-05-24 15:41:22', '2023-05-24 15:41:22', NULL),
(541, 'EREĞLİ', 42, '2023-05-24 15:41:22', '2023-05-24 15:41:22', NULL),
(542, 'GÜNEYSINIR', 42, '2023-05-24 15:41:22', '2023-05-24 15:41:22', NULL),
(543, 'HADİM', 42, '2023-05-24 15:41:22', '2023-05-24 15:41:22', NULL),
(544, 'HALKAPINAR', 42, '2023-05-24 15:41:22', '2023-05-24 15:41:22', NULL),
(545, 'HÜYÜK', 42, '2023-05-24 15:41:22', '2023-05-24 15:41:22', NULL),
(546, 'ILGIN', 42, '2023-05-24 15:41:22', '2023-05-24 15:41:22', NULL),
(547, 'KADINHANI', 42, '2023-05-24 15:41:22', '2023-05-24 15:41:22', NULL),
(548, 'KARAPINAR', 42, '2023-05-24 15:41:22', '2023-05-24 15:41:22', NULL),
(549, 'KARATAY', 42, '2023-05-24 15:41:22', '2023-05-24 15:41:22', NULL),
(550, 'KULU', 42, '2023-05-24 15:41:22', '2023-05-24 15:41:22', NULL),
(551, 'MERAM', 42, '2023-05-24 15:41:22', '2023-05-24 15:41:22', NULL),
(552, 'SARAYÖNÜ', 42, '2023-05-24 15:41:22', '2023-05-24 15:41:22', NULL),
(553, 'SELÇUKLU', 42, '2023-05-24 15:41:22', '2023-05-24 15:41:22', NULL),
(554, 'SEYDİŞEHİR', 42, '2023-05-24 15:41:22', '2023-05-24 15:41:22', NULL),
(555, 'TAŞKENT', 42, '2023-05-24 15:41:22', '2023-05-24 15:41:22', NULL),
(556, 'TUZLUKÇU', 42, '2023-05-24 15:41:22', '2023-05-24 15:41:22', NULL),
(557, 'YALIHÜYÜK', 42, '2023-05-24 15:41:22', '2023-05-24 15:41:22', NULL),
(558, 'YUNAK', 42, '2023-05-24 15:41:22', '2023-05-24 15:41:22', NULL),
(559, 'ALTINTAŞ', 43, '2023-05-24 15:41:22', '2023-05-24 15:41:22', NULL),
(560, 'ASLANAPA', 43, '2023-05-24 15:41:22', '2023-05-24 15:41:22', NULL),
(561, 'ÇAVDARHİSAR', 43, '2023-05-24 15:41:22', '2023-05-24 15:41:22', NULL),
(562, 'DOMANİÇ', 43, '2023-05-24 15:41:22', '2023-05-24 15:41:22', NULL),
(563, 'DUMLUPINAR', 43, '2023-05-24 15:41:22', '2023-05-24 15:41:22', NULL),
(564, 'EMET', 43, '2023-05-24 15:41:22', '2023-05-24 15:41:22', NULL),
(565, 'GEDİZ', 43, '2023-05-24 15:41:22', '2023-05-24 15:41:22', NULL),
(566, 'HİSARCIK', 43, '2023-05-24 15:41:22', '2023-05-24 15:41:22', NULL),
(567, 'PAZARLAR', 43, '2023-05-24 15:41:22', '2023-05-24 15:41:22', NULL),
(568, 'SİMAV', 43, '2023-05-24 15:41:22', '2023-05-24 15:41:22', NULL),
(569, 'ŞAPHANE', 43, '2023-05-24 15:41:22', '2023-05-24 15:41:22', NULL),
(570, 'TAVŞANLI', 43, '2023-05-24 15:41:22', '2023-05-24 15:41:22', NULL),
(571, 'AKÇADAĞ', 44, '2023-05-24 15:41:22', '2023-05-24 15:41:22', NULL),
(572, 'ARAPGİR', 44, '2023-05-24 15:41:22', '2023-05-24 15:41:22', NULL),
(573, 'ARGUVAN', 44, '2023-05-24 15:41:22', '2023-05-24 15:41:22', NULL),
(574, 'BATTALGAZİ', 44, '2023-05-24 15:41:22', '2023-05-24 15:41:22', NULL),
(575, 'DARENDE', 44, '2023-05-24 15:41:22', '2023-05-24 15:41:22', NULL),
(576, 'DOĞANŞEHİR', 44, '2023-05-24 15:41:22', '2023-05-24 15:41:22', NULL),
(577, 'DOĞANYOL', 44, '2023-05-24 15:41:22', '2023-05-24 15:41:22', NULL),
(578, 'HEKİMHAN', 44, '2023-05-24 15:41:22', '2023-05-24 15:41:22', NULL),
(579, 'KALE', 44, '2023-05-24 15:41:22', '2023-05-24 15:41:22', NULL),
(580, 'KULUNCAK', 44, '2023-05-24 15:41:22', '2023-05-24 15:41:22', NULL),
(581, 'PÜTÜRGE', 44, '2023-05-24 15:41:22', '2023-05-24 15:41:22', NULL),
(582, 'YAZIHAN', 44, '2023-05-24 15:41:22', '2023-05-24 15:41:22', NULL),
(583, 'YEŞİLYURT', 44, '2023-05-24 15:41:22', '2023-05-24 15:41:22', NULL),
(584, 'AHMETLİ', 45, '2023-05-24 15:41:22', '2023-05-24 15:41:22', NULL),
(585, 'AKHİSAR', 45, '2023-05-24 15:41:23', '2023-05-24 15:41:23', NULL),
(586, 'ALAŞEHİR', 45, '2023-05-24 15:41:23', '2023-05-24 15:41:23', NULL),
(587, 'DEMİRCİ', 45, '2023-05-24 15:41:23', '2023-05-24 15:41:23', NULL),
(588, 'GÖLMARMARA', 45, '2023-05-24 15:41:23', '2023-05-24 15:41:23', NULL),
(589, 'GÖRDES', 45, '2023-05-24 15:41:23', '2023-05-24 15:41:23', NULL),
(590, 'KIRKAĞAÇ', 45, '2023-05-24 15:41:23', '2023-05-24 15:41:23', NULL),
(591, 'KÖPRÜBAŞI', 45, '2023-05-24 15:41:23', '2023-05-24 15:41:23', NULL),
(592, 'KULA', 45, '2023-05-24 15:41:23', '2023-05-24 15:41:23', NULL),
(593, 'SALİHLİ', 45, '2023-05-24 15:41:23', '2023-05-24 15:41:23', NULL),
(594, 'SARIGÖL', 45, '2023-05-24 15:41:23', '2023-05-24 15:41:23', NULL),
(595, 'SARUHANLI', 45, '2023-05-24 15:41:23', '2023-05-24 15:41:23', NULL),
(596, 'SELENDİ', 45, '2023-05-24 15:41:23', '2023-05-24 15:41:23', NULL),
(597, 'SOMA', 45, '2023-05-24 15:41:23', '2023-05-24 15:41:23', NULL),
(598, 'TURGUTLU', 45, '2023-05-24 15:41:23', '2023-05-24 15:41:23', NULL),
(599, 'AFŞİN', 46, '2023-05-24 15:41:23', '2023-05-24 15:41:23', NULL),
(600, 'ANDIRIN', 46, '2023-05-24 15:41:23', '2023-05-24 15:41:23', NULL),
(601, 'ÇAĞLAYANCERİT', 46, '2023-05-24 15:41:23', '2023-05-24 15:41:23', NULL),
(602, 'EKİNÖZÜ', 46, '2023-05-24 15:41:23', '2023-05-24 15:41:23', NULL),
(603, 'ELBİSTAN', 46, '2023-05-24 15:41:23', '2023-05-24 15:41:23', NULL),
(604, 'GÖKSUN', 46, '2023-05-24 15:41:23', '2023-05-24 15:41:23', NULL),
(605, 'NURHAK', 46, '2023-05-24 15:41:23', '2023-05-24 15:41:23', NULL),
(606, 'PAZARCIK', 46, '2023-05-24 15:41:23', '2023-05-24 15:41:23', NULL),
(607, 'TÜRKOĞLU', 46, '2023-05-24 15:41:23', '2023-05-24 15:41:23', NULL),
(608, 'DARGEÇİT', 47, '2023-05-24 15:41:23', '2023-05-24 15:41:23', NULL),
(609, 'DERİK', 47, '2023-05-24 15:41:23', '2023-05-24 15:41:23', NULL),
(610, 'KIZILTEPE', 47, '2023-05-24 15:41:23', '2023-05-24 15:41:23', NULL),
(611, 'MAZIDAĞI', 47, '2023-05-24 15:41:23', '2023-05-24 15:41:23', NULL),
(612, 'MİDYAT', 47, '2023-05-24 15:41:23', '2023-05-24 15:41:23', NULL),
(613, 'NUSAYBİN', 47, '2023-05-24 15:41:23', '2023-05-24 15:41:23', NULL),
(614, 'ÖMERLİ', 47, '2023-05-24 15:41:23', '2023-05-24 15:41:23', NULL),
(615, 'SAVUR', 47, '2023-05-24 15:41:23', '2023-05-24 15:41:23', NULL),
(616, 'YEŞİLLİ', 47, '2023-05-24 15:41:23', '2023-05-24 15:41:23', NULL),
(617, 'BODRUM', 48, '2023-05-24 15:41:23', '2023-05-24 15:41:23', NULL),
(618, 'DALAMAN', 48, '2023-05-24 15:41:23', '2023-05-24 15:41:23', NULL),
(619, 'DATÇA', 48, '2023-05-24 15:41:23', '2023-05-24 15:41:23', NULL),
(620, 'FETHİYE', 48, '2023-05-24 15:41:23', '2023-05-24 15:41:23', NULL),
(621, 'KAVAKLIDERE', 48, '2023-05-24 15:41:23', '2023-05-24 15:41:23', NULL),
(622, 'KÖYCEĞİZ', 48, '2023-05-24 15:41:23', '2023-05-24 15:41:23', NULL),
(623, 'MARMARİS', 48, '2023-05-24 15:41:23', '2023-05-24 15:41:23', NULL),
(624, 'MİLAS', 48, '2023-05-24 15:41:23', '2023-05-24 15:41:23', NULL),
(625, 'ORTACA', 48, '2023-05-24 15:41:23', '2023-05-24 15:41:23', NULL),
(626, 'ULA', 48, '2023-05-24 15:41:23', '2023-05-24 15:41:23', NULL),
(627, 'YATAĞAN', 48, '2023-05-24 15:41:23', '2023-05-24 15:41:23', NULL),
(628, 'BULANIK', 49, '2023-05-24 15:41:23', '2023-05-24 15:41:23', NULL),
(629, 'HASKÖY', 49, '2023-05-24 15:41:23', '2023-05-24 15:41:23', NULL),
(630, 'KORKUT', 49, '2023-05-24 15:41:23', '2023-05-24 15:41:23', NULL),
(631, 'MALAZGİRT', 49, '2023-05-24 15:41:23', '2023-05-24 15:41:23', NULL),
(632, 'VARTO', 49, '2023-05-24 15:41:23', '2023-05-24 15:41:23', NULL),
(633, 'ACIGÖL', 50, '2023-05-24 15:41:23', '2023-05-24 15:41:23', NULL),
(634, 'AVANOS', 50, '2023-05-24 15:41:23', '2023-05-24 15:41:23', NULL),
(635, 'DERİNKUYU', 50, '2023-05-24 15:41:23', '2023-05-24 15:41:23', NULL),
(636, 'GÜLŞEHİR', 50, '2023-05-24 15:41:23', '2023-05-24 15:41:23', NULL),
(637, 'HACIBEKTAŞ', 50, '2023-05-24 15:41:23', '2023-05-24 15:41:23', NULL),
(638, 'KOZAKLI', 50, '2023-05-24 15:41:23', '2023-05-24 15:41:23', NULL),
(639, 'ÜRGÜP', 50, '2023-05-24 15:41:23', '2023-05-24 15:41:23', NULL),
(640, 'ALTUNHİSAR', 51, '2023-05-24 15:41:23', '2023-05-24 15:41:23', NULL),
(641, 'BOR', 51, '2023-05-24 15:41:23', '2023-05-24 15:41:23', NULL),
(642, 'ÇAMARDI', 51, '2023-05-24 15:41:23', '2023-05-24 15:41:23', NULL),
(643, 'ÇİFTLİK', 51, '2023-05-24 15:41:23', '2023-05-24 15:41:23', NULL),
(644, 'ULUKIŞLA', 51, '2023-05-24 15:41:23', '2023-05-24 15:41:23', NULL),
(645, 'AKKUŞ', 52, '2023-05-24 15:41:23', '2023-05-24 15:41:23', NULL),
(646, 'AYBASTI', 52, '2023-05-24 15:41:23', '2023-05-24 15:41:23', NULL),
(647, 'ÇAMAŞ', 52, '2023-05-24 15:41:23', '2023-05-24 15:41:23', NULL),
(648, 'ÇATALPINAR', 52, '2023-05-24 15:41:23', '2023-05-24 15:41:23', NULL),
(649, 'ÇAYBAŞI', 52, '2023-05-24 15:41:23', '2023-05-24 15:41:23', NULL),
(650, 'FATSA', 52, '2023-05-24 15:41:23', '2023-05-24 15:41:23', NULL),
(651, 'GÖLKÖY', 52, '2023-05-24 15:41:23', '2023-05-24 15:41:23', NULL),
(652, 'GÜLYALI', 52, '2023-05-24 15:41:23', '2023-05-24 15:41:23', NULL),
(653, 'GÜRGENTEPE', 52, '2023-05-24 15:41:23', '2023-05-24 15:41:23', NULL),
(654, 'İKİZCE', 52, '2023-05-24 15:41:23', '2023-05-24 15:41:23', NULL),
(655, 'KABADÜZ', 52, '2023-05-24 15:41:23', '2023-05-24 15:41:23', NULL),
(656, 'KABATAŞ', 52, '2023-05-24 15:41:23', '2023-05-24 15:41:23', NULL),
(657, 'KORGAN', 52, '2023-05-24 15:41:23', '2023-05-24 15:41:23', NULL),
(658, 'KUMRU', 52, '2023-05-24 15:41:23', '2023-05-24 15:41:23', NULL),
(659, 'MESUDİYE', 52, '2023-05-24 15:41:23', '2023-05-24 15:41:23', NULL),
(660, 'PERŞEMBE', 52, '2023-05-24 15:41:23', '2023-05-24 15:41:23', NULL),
(661, 'ULUBEY', 52, '2023-05-24 15:41:23', '2023-05-24 15:41:23', NULL),
(662, 'ÜNYE', 52, '2023-05-24 15:41:23', '2023-05-24 15:41:23', NULL),
(663, 'ARDEŞEN', 53, '2023-05-24 15:41:23', '2023-05-24 15:41:23', NULL),
(664, 'ÇAMLIHEMŞİN', 53, '2023-05-24 15:41:23', '2023-05-24 15:41:23', NULL),
(665, 'ÇAYELİ', 53, '2023-05-24 15:41:23', '2023-05-24 15:41:23', NULL),
(666, 'DEREPAZARI', 53, '2023-05-24 15:41:23', '2023-05-24 15:41:23', NULL),
(667, 'FINDIKLI', 53, '2023-05-24 15:41:23', '2023-05-24 15:41:23', NULL),
(668, 'GÜNEYSU', 53, '2023-05-24 15:41:23', '2023-05-24 15:41:23', NULL),
(669, 'HEMŞİN', 53, '2023-05-24 15:41:23', '2023-05-24 15:41:23', NULL),
(670, 'İKİZDERE', 53, '2023-05-24 15:41:23', '2023-05-24 15:41:23', NULL),
(671, 'İYİDERE', 53, '2023-05-24 15:41:23', '2023-05-24 15:41:23', NULL),
(672, 'KALKANDERE', 53, '2023-05-24 15:41:23', '2023-05-24 15:41:23', NULL),
(673, 'PAZAR', 53, '2023-05-24 15:41:23', '2023-05-24 15:41:23', NULL),
(674, 'ADAPAZARI', 54, '2023-05-24 15:41:23', '2023-05-24 15:41:23', NULL),
(675, 'AKYAZI', 54, '2023-05-24 15:41:23', '2023-05-24 15:41:23', NULL),
(676, 'ARİFİYE', 54, '2023-05-24 15:41:23', '2023-05-24 15:41:23', NULL),
(677, 'ERENLER', 54, '2023-05-24 15:41:23', '2023-05-24 15:41:23', NULL),
(678, 'FERİZLİ', 54, '2023-05-24 15:41:23', '2023-05-24 15:41:23', NULL),
(679, 'GEYVE', 54, '2023-05-24 15:41:23', '2023-05-24 15:41:23', NULL),
(680, 'HENDEK', 54, '2023-05-24 15:41:23', '2023-05-24 15:41:23', NULL),
(681, 'KARAPÜRÇEK', 54, '2023-05-24 15:41:23', '2023-05-24 15:41:23', NULL),
(682, 'KARASU', 54, '2023-05-24 15:41:23', '2023-05-24 15:41:23', NULL),
(683, 'KAYNARCA', 54, '2023-05-24 15:41:23', '2023-05-24 15:41:23', NULL),
(684, 'KOCAALİ', 54, '2023-05-24 15:41:23', '2023-05-24 15:41:23', NULL),
(685, 'PAMUKOVA', 54, '2023-05-24 15:41:23', '2023-05-24 15:41:23', NULL),
(686, 'SAPANCA', 54, '2023-05-24 15:41:23', '2023-05-24 15:41:23', NULL),
(687, 'SERDİVAN', 54, '2023-05-24 15:41:23', '2023-05-24 15:41:23', NULL),
(688, 'SÖĞÜTLÜ', 54, '2023-05-24 15:41:23', '2023-05-24 15:41:23', NULL),
(689, 'TARAKLI', 54, '2023-05-24 15:41:23', '2023-05-24 15:41:23', NULL),
(690, 'ONDOKUZMAYIS', 55, '2023-05-24 15:41:23', '2023-05-24 15:41:23', NULL),
(691, 'ALAÇAM', 55, '2023-05-24 15:41:23', '2023-05-24 15:41:23', NULL),
(692, 'ASARCIK', 55, '2023-05-24 15:41:23', '2023-05-24 15:41:23', NULL),
(693, 'ATAKUM', 55, '2023-05-24 15:41:23', '2023-05-24 15:41:23', NULL),
(694, 'AYVACIK', 55, '2023-05-24 15:41:23', '2023-05-24 15:41:23', NULL),
(695, 'BAFRA', 55, '2023-05-24 15:41:23', '2023-05-24 15:41:23', NULL);
INSERT INTO `districts` (`id`, `title`, `admiko_city_id`, `created_at`, `updated_at`, `deleted_at`) VALUES
(696, 'CANİK', 55, '2023-05-24 15:41:23', '2023-05-24 15:41:23', NULL),
(697, 'ÇARŞAMBA', 55, '2023-05-24 15:41:23', '2023-05-24 15:41:23', NULL),
(698, 'HAVZA', 55, '2023-05-24 15:41:23', '2023-05-24 15:41:23', NULL),
(699, 'İLKADIM', 55, '2023-05-24 15:41:23', '2023-05-24 15:41:23', NULL),
(700, 'KAVAK', 55, '2023-05-24 15:41:23', '2023-05-24 15:41:23', NULL),
(701, 'LADİK', 55, '2023-05-24 15:41:23', '2023-05-24 15:41:23', NULL),
(702, 'SALIPAZARI', 55, '2023-05-24 15:41:23', '2023-05-24 15:41:23', NULL),
(703, 'TEKKEKÖY', 55, '2023-05-24 15:41:23', '2023-05-24 15:41:23', NULL),
(704, 'TERME', 55, '2023-05-24 15:41:23', '2023-05-24 15:41:23', NULL),
(705, 'VEZİRKÖPRÜ', 55, '2023-05-24 15:41:23', '2023-05-24 15:41:23', NULL),
(706, 'YAKAKENT', 55, '2023-05-24 15:41:23', '2023-05-24 15:41:23', NULL),
(707, 'AYDINLAR', 56, '2023-05-24 15:41:23', '2023-05-24 15:41:23', NULL),
(708, 'BAYKAN', 56, '2023-05-24 15:41:23', '2023-05-24 15:41:23', NULL),
(709, 'ERUH', 56, '2023-05-24 15:41:23', '2023-05-24 15:41:23', NULL),
(710, 'KURTALAN', 56, '2023-05-24 15:41:23', '2023-05-24 15:41:23', NULL),
(711, 'PERVARİ', 56, '2023-05-24 15:41:23', '2023-05-24 15:41:23', NULL),
(712, 'ŞİRVAN', 56, '2023-05-24 15:41:23', '2023-05-24 15:41:23', NULL),
(713, 'AYANCIK', 57, '2023-05-24 15:41:23', '2023-05-24 15:41:23', NULL),
(714, 'BOYABAT', 57, '2023-05-24 15:41:23', '2023-05-24 15:41:23', NULL),
(715, 'DİKMEN', 57, '2023-05-24 15:41:23', '2023-05-24 15:41:23', NULL),
(716, 'DURAĞAN', 57, '2023-05-24 15:41:23', '2023-05-24 15:41:23', NULL),
(717, 'ERFELEK', 57, '2023-05-24 15:41:23', '2023-05-24 15:41:23', NULL),
(718, 'GERZE', 57, '2023-05-24 15:41:23', '2023-05-24 15:41:23', NULL),
(719, 'SARAYDÜZÜ', 57, '2023-05-24 15:41:23', '2023-05-24 15:41:23', NULL),
(720, 'TÜRKELİ', 57, '2023-05-24 15:41:23', '2023-05-24 15:41:23', NULL),
(721, 'AKINCILAR', 58, '2023-05-24 15:41:23', '2023-05-24 15:41:23', NULL),
(722, 'ALTINYAYLA', 58, '2023-05-24 15:41:23', '2023-05-24 15:41:23', NULL),
(723, 'DİVRİĞİ', 58, '2023-05-24 15:41:23', '2023-05-24 15:41:23', NULL),
(724, 'DOĞANŞAR', 58, '2023-05-24 15:41:23', '2023-05-24 15:41:23', NULL),
(725, 'GEMEREK', 58, '2023-05-24 15:41:23', '2023-05-24 15:41:23', NULL),
(726, 'GÖLOVA', 58, '2023-05-24 15:41:23', '2023-05-24 15:41:23', NULL),
(727, 'GÜRÜN', 58, '2023-05-24 15:41:23', '2023-05-24 15:41:23', NULL),
(728, 'HAFİK', 58, '2023-05-24 15:41:23', '2023-05-24 15:41:23', NULL),
(729, 'İMRANLI', 58, '2023-05-24 15:41:23', '2023-05-24 15:41:23', NULL),
(730, 'KANGAL', 58, '2023-05-24 15:41:23', '2023-05-24 15:41:23', NULL),
(731, 'KOYULHİSAR', 58, '2023-05-24 15:41:23', '2023-05-24 15:41:23', NULL),
(732, 'SUŞEHRİ', 58, '2023-05-24 15:41:23', '2023-05-24 15:41:23', NULL),
(733, 'ŞARKIŞLA', 58, '2023-05-24 15:41:23', '2023-05-24 15:41:23', NULL),
(734, 'ULAŞ', 58, '2023-05-24 15:41:23', '2023-05-24 15:41:23', NULL),
(735, 'YILDIZELİ', 58, '2023-05-24 15:41:23', '2023-05-24 15:41:23', NULL),
(736, 'ZARA', 58, '2023-05-24 15:41:23', '2023-05-24 15:41:23', NULL),
(737, 'ÇERKEZKÖY', 59, '2023-05-24 15:41:23', '2023-05-24 15:41:23', NULL),
(738, 'ÇORLU', 59, '2023-05-24 15:41:23', '2023-05-24 15:41:23', NULL),
(739, 'HAYRABOLU', 59, '2023-05-24 15:41:23', '2023-05-24 15:41:23', NULL),
(740, 'MALKARA', 59, '2023-05-24 15:41:23', '2023-05-24 15:41:23', NULL),
(741, 'MARMARAEREĞLİSİ', 59, '2023-05-24 15:41:23', '2023-05-24 15:41:23', NULL),
(742, 'MURATLI', 59, '2023-05-24 15:41:23', '2023-05-24 15:41:23', NULL),
(743, 'SARAY', 59, '2023-05-24 15:41:23', '2023-05-24 15:41:23', NULL),
(744, 'ŞARKÖY', 59, '2023-05-24 15:41:23', '2023-05-24 15:41:23', NULL),
(745, 'ALMUS', 60, '2023-05-24 15:41:23', '2023-05-24 15:41:23', NULL),
(746, 'ARTOVA', 60, '2023-05-24 15:41:23', '2023-05-24 15:41:23', NULL),
(747, 'BAŞÇİFTLİK', 60, '2023-05-24 15:41:23', '2023-05-24 15:41:23', NULL),
(748, 'ERBAA', 60, '2023-05-24 15:41:23', '2023-05-24 15:41:23', NULL),
(749, 'NİKSAR', 60, '2023-05-24 15:41:23', '2023-05-24 15:41:23', NULL),
(750, 'PAZAR', 60, '2023-05-24 15:41:23', '2023-05-24 15:41:23', NULL),
(751, 'REŞADİYE', 60, '2023-05-24 15:41:23', '2023-05-24 15:41:23', NULL),
(752, 'SULUSARAY', 60, '2023-05-24 15:41:23', '2023-05-24 15:41:23', NULL),
(753, 'TURHAL', 60, '2023-05-24 15:41:23', '2023-05-24 15:41:23', NULL),
(754, 'YEŞİLYURT', 60, '2023-05-24 15:41:23', '2023-05-24 15:41:23', NULL),
(755, 'ZİLE', 60, '2023-05-24 15:41:23', '2023-05-24 15:41:23', NULL),
(756, 'AKÇAABAT', 61, '2023-05-24 15:41:23', '2023-05-24 15:41:23', NULL),
(757, 'ARAKLI', 61, '2023-05-24 15:41:23', '2023-05-24 15:41:23', NULL),
(758, 'ARSİN', 61, '2023-05-24 15:41:23', '2023-05-24 15:41:23', NULL),
(759, 'BEŞİKDÜZÜ', 61, '2023-05-24 15:41:23', '2023-05-24 15:41:23', NULL),
(760, 'ÇARŞIBAŞI', 61, '2023-05-24 15:41:23', '2023-05-24 15:41:23', NULL),
(761, 'ÇAYKARA', 61, '2023-05-24 15:41:23', '2023-05-24 15:41:23', NULL),
(762, 'DERNEKPAZARI', 61, '2023-05-24 15:41:23', '2023-05-24 15:41:23', NULL),
(763, 'DÜZKÖY', 61, '2023-05-24 15:41:23', '2023-05-24 15:41:23', NULL),
(764, 'HAYRAT', 61, '2023-05-24 15:41:23', '2023-05-24 15:41:23', NULL),
(765, 'KÖPRÜBAŞI', 61, '2023-05-24 15:41:23', '2023-05-24 15:41:23', NULL),
(766, 'MAÇKA', 61, '2023-05-24 15:41:23', '2023-05-24 15:41:23', NULL),
(767, 'OF', 61, '2023-05-24 15:41:23', '2023-05-24 15:41:23', NULL),
(768, 'SÜRMENE', 61, '2023-05-24 15:41:23', '2023-05-24 15:41:23', NULL),
(769, 'ŞALPAZARI', 61, '2023-05-24 15:41:23', '2023-05-24 15:41:23', NULL),
(770, 'TONYA', 61, '2023-05-24 15:41:23', '2023-05-24 15:41:23', NULL),
(771, 'VAKFIKEBİR', 61, '2023-05-24 15:41:23', '2023-05-24 15:41:23', NULL),
(772, 'YOMRA', 61, '2023-05-24 15:41:23', '2023-05-24 15:41:23', NULL),
(773, 'ÇEMİŞGEZEK', 62, '2023-05-24 15:41:23', '2023-05-24 15:41:23', NULL),
(774, 'HOZAT', 62, '2023-05-24 15:41:23', '2023-05-24 15:41:23', NULL),
(775, 'MAZGİRT', 62, '2023-05-24 15:41:23', '2023-05-24 15:41:23', NULL),
(776, 'NAZIMİYE', 62, '2023-05-24 15:41:23', '2023-05-24 15:41:23', NULL),
(777, 'OVACIK', 62, '2023-05-24 15:41:23', '2023-05-24 15:41:23', NULL),
(778, 'PERTEK', 62, '2023-05-24 15:41:23', '2023-05-24 15:41:23', NULL),
(779, 'PÜLÜMÜR', 62, '2023-05-24 15:41:23', '2023-05-24 15:41:23', NULL),
(780, 'AKÇAKALE', 63, '2023-05-24 15:41:23', '2023-05-24 15:41:23', NULL),
(781, 'BİRECİK', 63, '2023-05-24 15:41:23', '2023-05-24 15:41:23', NULL),
(782, 'BOZOVA', 63, '2023-05-24 15:41:23', '2023-05-24 15:41:23', NULL),
(783, 'CEYLANPINAR', 63, '2023-05-24 15:41:23', '2023-05-24 15:41:23', NULL),
(784, 'HALFETİ', 63, '2023-05-24 15:41:23', '2023-05-24 15:41:23', NULL),
(785, 'HARRAN', 63, '2023-05-24 15:41:23', '2023-05-24 15:41:23', NULL),
(786, 'HİLVAN', 63, '2023-05-24 15:41:23', '2023-05-24 15:41:23', NULL),
(787, 'SİVEREK', 63, '2023-05-24 15:41:23', '2023-05-24 15:41:23', NULL),
(788, 'SURUÇ', 63, '2023-05-24 15:41:23', '2023-05-24 15:41:23', NULL),
(789, 'VİRANŞEHİR', 63, '2023-05-24 15:41:23', '2023-05-24 15:41:23', NULL),
(790, 'BANAZ', 64, '2023-05-24 15:41:23', '2023-05-24 15:41:23', NULL),
(791, 'EŞME', 64, '2023-05-24 15:41:23', '2023-05-24 15:41:23', NULL),
(792, 'KARAHALLI', 64, '2023-05-24 15:41:23', '2023-05-24 15:41:23', NULL),
(793, 'SİVASLI', 64, '2023-05-24 15:41:23', '2023-05-24 15:41:23', NULL),
(794, 'ULUBEY', 64, '2023-05-24 15:41:23', '2023-05-24 15:41:23', NULL),
(795, 'BAHÇESARAY', 65, '2023-05-24 15:41:23', '2023-05-24 15:41:23', NULL),
(796, 'BAŞKALE', 65, '2023-05-24 15:41:23', '2023-05-24 15:41:23', NULL),
(797, 'ÇALDIRAN', 65, '2023-05-24 15:41:23', '2023-05-24 15:41:23', NULL),
(798, 'ÇATAK', 65, '2023-05-24 15:41:23', '2023-05-24 15:41:23', NULL),
(799, 'EDREMİT', 65, '2023-05-24 15:41:23', '2023-05-24 15:41:23', NULL),
(800, 'ERCİŞ', 65, '2023-05-24 15:41:23', '2023-05-24 15:41:23', NULL),
(801, 'GEVAŞ', 65, '2023-05-24 15:41:23', '2023-05-24 15:41:23', NULL),
(802, 'GÜRPINAR', 65, '2023-05-24 15:41:23', '2023-05-24 15:41:23', NULL),
(803, 'MURADİYE', 65, '2023-05-24 15:41:23', '2023-05-24 15:41:23', NULL),
(804, 'ÖZALP', 65, '2023-05-24 15:41:23', '2023-05-24 15:41:23', NULL),
(805, 'SARAY', 65, '2023-05-24 15:41:23', '2023-05-24 15:41:23', NULL),
(806, 'AKDAĞMADENİ', 66, '2023-05-24 15:41:23', '2023-05-24 15:41:23', NULL),
(807, 'AYDINCIK', 66, '2023-05-24 15:41:23', '2023-05-24 15:41:23', NULL),
(808, 'BOĞAZLIYAN', 66, '2023-05-24 15:41:23', '2023-05-24 15:41:23', NULL),
(809, 'ÇANDIR', 66, '2023-05-24 15:41:23', '2023-05-24 15:41:23', NULL),
(810, 'ÇAYIRALAN', 66, '2023-05-24 15:41:23', '2023-05-24 15:41:23', NULL),
(811, 'ÇEKEREK', 66, '2023-05-24 15:41:23', '2023-05-24 15:41:23', NULL),
(812, 'KADIŞEHRİ', 66, '2023-05-24 15:41:23', '2023-05-24 15:41:23', NULL),
(813, 'SARAYKENT', 66, '2023-05-24 15:41:23', '2023-05-24 15:41:23', NULL),
(814, 'SARIKAYA', 66, '2023-05-24 15:41:23', '2023-05-24 15:41:23', NULL),
(815, 'SORGUN', 66, '2023-05-24 15:41:23', '2023-05-24 15:41:23', NULL),
(816, 'ŞEFAATLİ', 66, '2023-05-24 15:41:23', '2023-05-24 15:41:23', NULL),
(817, 'YENİFAKILI', 66, '2023-05-24 15:41:23', '2023-05-24 15:41:23', NULL),
(818, 'YERKÖY', 66, '2023-05-24 15:41:23', '2023-05-24 15:41:23', NULL),
(819, 'ALAPLI', 67, '2023-05-24 15:41:23', '2023-05-24 15:41:23', NULL),
(820, 'ÇAYCUMA', 67, '2023-05-24 15:41:23', '2023-05-24 15:41:23', NULL),
(821, 'DEVREK', 67, '2023-05-24 15:41:23', '2023-05-24 15:41:23', NULL),
(822, 'EREĞLİ', 67, '2023-05-24 15:41:23', '2023-05-24 15:41:23', NULL),
(823, 'GÖKÇEBEY', 67, '2023-05-24 15:41:23', '2023-05-24 15:41:23', NULL),
(824, 'AĞAÇÖREN', 68, '2023-05-24 15:41:23', '2023-05-24 15:41:23', NULL),
(825, 'ESKİL', 68, '2023-05-24 15:41:23', '2023-05-24 15:41:23', NULL),
(826, 'GÜLAĞAÇ', 68, '2023-05-24 15:41:23', '2023-05-24 15:41:23', NULL),
(827, 'GÜZELYURT', 68, '2023-05-24 15:41:23', '2023-05-24 15:41:23', NULL),
(828, 'ORTAKÖY', 68, '2023-05-24 15:41:23', '2023-05-24 15:41:23', NULL),
(829, 'SARIYAHŞİ', 68, '2023-05-24 15:41:23', '2023-05-24 15:41:23', NULL),
(830, 'AYDINTEPE', 69, '2023-05-24 15:41:23', '2023-05-24 15:41:23', NULL),
(831, 'DEMİRÖZÜ', 69, '2023-05-24 15:41:23', '2023-05-24 15:41:23', NULL),
(832, 'AYRANCI', 70, '2023-05-24 15:41:23', '2023-05-24 15:41:23', NULL),
(833, 'BAŞYAYLA', 70, '2023-05-24 15:41:23', '2023-05-24 15:41:23', NULL),
(834, 'ERMENEK', 70, '2023-05-24 15:41:23', '2023-05-24 15:41:23', NULL),
(835, 'KAZIMKARABEKİR', 70, '2023-05-24 15:41:23', '2023-05-24 15:41:23', NULL),
(836, 'SARIVELİLER', 70, '2023-05-24 15:41:23', '2023-05-24 15:41:23', NULL),
(837, 'BAHŞİLİ', 71, '2023-05-24 15:41:23', '2023-05-24 15:41:23', NULL),
(838, 'BALIŞEYH', 71, '2023-05-24 15:41:23', '2023-05-24 15:41:23', NULL),
(839, 'ÇELEBİ', 71, '2023-05-24 15:41:23', '2023-05-24 15:41:23', NULL),
(840, 'DELİCE', 71, '2023-05-24 15:41:23', '2023-05-24 15:41:23', NULL),
(841, 'KARAKEÇİLİ', 71, '2023-05-24 15:41:23', '2023-05-24 15:41:23', NULL),
(842, 'KESKİN', 71, '2023-05-24 15:41:23', '2023-05-24 15:41:23', NULL),
(843, 'SULAKYURT', 71, '2023-05-24 15:41:23', '2023-05-24 15:41:23', NULL),
(844, 'YAHŞİHAN', 71, '2023-05-24 15:41:23', '2023-05-24 15:41:23', NULL),
(845, 'BEŞİRİ', 72, '2023-05-24 15:41:23', '2023-05-24 15:41:23', NULL),
(846, 'GERCÜŞ', 72, '2023-05-24 15:41:23', '2023-05-24 15:41:23', NULL),
(847, 'HASANKEYF', 72, '2023-05-24 15:41:23', '2023-05-24 15:41:23', NULL),
(848, 'KOZLUK', 72, '2023-05-24 15:41:23', '2023-05-24 15:41:23', NULL),
(849, 'SASON', 72, '2023-05-24 15:41:23', '2023-05-24 15:41:23', NULL),
(850, 'BEYTÜŞŞEBAP', 73, '2023-05-24 15:41:23', '2023-05-24 15:41:23', NULL),
(851, 'CİZRE', 73, '2023-05-24 15:41:23', '2023-05-24 15:41:23', NULL),
(852, 'GÜÇLÜKONAK', 73, '2023-05-24 15:41:23', '2023-05-24 15:41:23', NULL),
(853, 'İDİL', 73, '2023-05-24 15:41:23', '2023-05-24 15:41:23', NULL),
(854, 'SİLOPİ', 73, '2023-05-24 15:41:23', '2023-05-24 15:41:23', NULL),
(855, 'ULUDERE', 73, '2023-05-24 15:41:23', '2023-05-24 15:41:23', NULL),
(856, 'AMASRA', 74, '2023-05-24 15:41:23', '2023-05-24 15:41:23', NULL),
(857, 'KURUCAŞİLE', 74, '2023-05-24 15:41:23', '2023-05-24 15:41:23', NULL),
(858, 'ULUS', 74, '2023-05-24 15:41:23', '2023-05-24 15:41:23', NULL),
(859, 'ÇILDIR', 75, '2023-05-24 15:41:23', '2023-05-24 15:41:23', NULL),
(860, 'DAMAL', 75, '2023-05-24 15:41:23', '2023-05-24 15:41:23', NULL),
(861, 'GÖLE', 75, '2023-05-24 15:41:23', '2023-05-24 15:41:23', NULL),
(862, 'HANAK', 75, '2023-05-24 15:41:23', '2023-05-24 15:41:23', NULL),
(863, 'POSOF', 75, '2023-05-24 15:41:23', '2023-05-24 15:41:23', NULL),
(864, 'ARALIK', 76, '2023-05-24 15:41:23', '2023-05-24 15:41:23', NULL),
(865, 'KARAKOYUNLU', 76, '2023-05-24 15:41:23', '2023-05-24 15:41:23', NULL),
(866, 'TUZLUCA', 76, '2023-05-24 15:41:23', '2023-05-24 15:41:23', NULL),
(867, 'ALTINOVA', 77, '2023-05-24 15:41:23', '2023-05-24 15:41:23', NULL),
(868, 'ARMUTLU', 77, '2023-05-24 15:41:23', '2023-05-24 15:41:23', NULL),
(869, 'ÇINARCIK', 77, '2023-05-24 15:41:23', '2023-05-24 15:41:23', NULL),
(870, 'ÇİFTLİKKÖY', 77, '2023-05-24 15:41:23', '2023-05-24 15:41:23', NULL),
(871, 'TERMAL', 77, '2023-05-24 15:41:23', '2023-05-24 15:41:23', NULL),
(872, 'EFLANİ', 78, '2023-05-24 15:41:23', '2023-05-24 15:41:23', NULL),
(873, 'ESKİPAZAR', 78, '2023-05-24 15:41:23', '2023-05-24 15:41:23', NULL),
(874, 'OVACIK', 78, '2023-05-24 15:41:23', '2023-05-24 15:41:23', NULL),
(875, 'SAFRANBOLU', 78, '2023-05-24 15:41:23', '2023-05-24 15:41:23', NULL),
(876, 'YENİCE', 78, '2023-05-24 15:41:23', '2023-05-24 15:41:23', NULL),
(877, 'ELBEYLİ', 79, '2023-05-24 15:41:23', '2023-05-24 15:41:23', NULL),
(878, 'MUSABEYLİ', 79, '2023-05-24 15:41:23', '2023-05-24 15:41:23', NULL),
(879, 'POLATELİ', 79, '2023-05-24 15:41:23', '2023-05-24 15:41:23', NULL),
(880, 'BAHÇE', 80, '2023-05-24 15:41:23', '2023-05-24 15:41:23', NULL),
(881, 'DÜZİÇİ', 80, '2023-05-24 15:41:23', '2023-05-24 15:41:23', NULL),
(882, 'HASANBEYLİ', 80, '2023-05-24 15:41:23', '2023-05-24 15:41:23', NULL),
(883, 'KADİRLİ', 80, '2023-05-24 15:41:23', '2023-05-24 15:41:23', NULL),
(884, 'SUMBAS', 80, '2023-05-24 15:41:23', '2023-05-24 15:41:23', NULL),
(885, 'TOPRAKKALE', 80, '2023-05-24 15:41:23', '2023-05-24 15:41:23', NULL),
(886, 'AKÇAKOCA', 81, '2023-05-24 15:41:23', '2023-05-24 15:41:23', NULL),
(887, 'CUMAYERİ', 81, '2023-05-24 15:41:23', '2023-05-24 15:41:23', NULL),
(888, 'ÇİLİMLİ', 81, '2023-05-24 15:41:23', '2023-05-24 15:41:23', NULL),
(889, 'GÖLYAKA', 81, '2023-05-24 15:41:23', '2023-05-24 15:41:23', NULL),
(890, 'GÜMÜŞOVA', 81, '2023-05-24 15:41:23', '2023-05-24 15:41:23', NULL),
(891, 'KAYNAŞLI', 81, '2023-05-24 15:41:23', '2023-05-24 15:41:23', NULL),
(892, 'YIĞILCA', 81, '2023-05-24 15:41:23', '2023-05-24 15:41:23', NULL),
(893, 'EFELER', 9, '2023-05-24 15:41:23', '2023-05-24 15:41:23', NULL),
(894, 'KARESİ', 10, '2023-05-24 15:41:23', '2023-05-24 15:41:23', NULL),
(895, 'ALTIEYLÜL', 10, '2023-05-24 15:41:23', '2023-05-24 15:41:23', NULL),
(896, 'MERKEZEFENDİ', 20, '2023-05-24 15:41:23', '2023-05-24 15:41:23', NULL),
(897, 'ANTAKYA', 31, '2023-05-24 15:41:23', '2023-05-24 15:41:23', NULL),
(898, 'DEFNE', 31, '2023-05-24 15:41:23', '2023-05-24 15:41:23', NULL),
(899, 'ARSUZ', 31, '2023-05-24 15:41:23', '2023-05-24 15:41:23', NULL),
(900, 'PAYAS', 31, '2023-05-24 15:41:23', '2023-05-24 15:41:23', NULL),
(901, 'ŞEHZADELER', 45, '2023-05-24 15:41:23', '2023-05-24 15:41:23', NULL),
(902, 'YUNUSEMRE', 45, '2023-05-24 15:41:23', '2023-05-24 15:41:23', NULL),
(903, 'DULKADİROĞLU', 46, '2023-05-24 15:41:23', '2023-05-24 15:41:23', NULL),
(904, 'ONİKİŞUBAT', 46, '2023-05-24 15:41:23', '2023-05-24 15:41:23', NULL),
(905, 'ARTUKLU', 47, '2023-05-24 15:41:23', '2023-05-24 15:41:23', NULL),
(906, 'MENTEŞE', 48, '2023-05-24 15:41:23', '2023-05-24 15:41:23', NULL),
(907, 'SEYDİKEMER', 48, '2023-05-24 15:41:23', '2023-05-24 15:41:23', NULL),
(908, 'SÜLEYMANPAŞA', 59, '2023-05-24 15:41:23', '2023-05-24 15:41:23', NULL),
(909, 'KAPAKLI', 59, '2023-05-24 15:41:23', '2023-05-24 15:41:23', NULL),
(910, 'ERGENE', 59, '2023-05-24 15:41:23', '2023-05-24 15:41:23', NULL),
(911, 'ORTAHİSAR', 61, '2023-05-24 15:41:23', '2023-05-24 15:41:23', NULL),
(912, 'EYYÜBİYE', 63, '2023-05-24 15:41:23', '2023-05-24 15:41:23', NULL),
(913, 'HALİLİYE', 63, '2023-05-24 15:41:23', '2023-05-24 15:41:23', NULL),
(914, 'KARAKÖPRÜ', 63, '2023-05-24 15:41:23', '2023-05-24 15:41:23', NULL),
(915, 'TUŞBA', 65, '2023-05-24 15:41:23', '2023-05-24 15:41:23', NULL),
(916, 'İPEKYOLU', 65, '2023-05-24 15:41:23', '2023-05-24 15:41:23', NULL),
(917, 'KİLİMLİ', 67, '2023-05-24 15:41:23', '2023-05-24 15:41:23', NULL),
(918, 'MERKEZ', 32, '2023-05-24 15:41:23', '2023-05-24 15:41:23', NULL),
(922, 'BAHŞİLİ', 39, '2023-05-25 19:28:21', '2023-05-25 19:28:21', NULL),
(923, 'SDFSDVDX', 35, '2023-06-01 10:14:53', '2023-06-01 10:14:53', NULL);

-- --------------------------------------------------------

--
-- Tablo için tablo yapısı `stations`
--

CREATE TABLE `stations` (
  `id` bigint UNSIGNED NOT NULL,
  `title` varchar(300) COLLATE utf8mb4_unicode_ci DEFAULT NULL,
  `admiko_district_id` bigint UNSIGNED NOT NULL,
  `created_at` timestamp NULL DEFAULT NULL,
  `updated_at` timestamp NULL DEFAULT NULL,
  `deleted_at` timestamp NULL DEFAULT NULL
) ENGINE=InnoDB DEFAULT CHARSET=utf8mb4 COLLATE=utf8mb4_unicode_ci;

--
-- Tablo döküm verisi `stations`
--

INSERT INTO `stations` (`id`, `title`, `admiko_district_id`, `created_at`, `updated_at`, `deleted_at`) VALUES
(6, 'MAVİBAHÇE AVM,İzmir', 447, '2023-05-25 07:31:20', '2023-05-25 07:31:20', NULL),
(7, 'AK-TAN PETROL,Karşıyaka', 447, '2023-05-25 07:31:41', '2023-05-25 07:31:41', NULL),
(8, 'ÖZGÖRKEY OTOMOTİV,Bornova', 437, '2023-05-25 07:32:15', '2023-05-25 07:32:15', NULL),
(9, 'EGE SERVİS,Bornova', 437, '2023-05-25 07:32:29', '2023-05-25 07:32:29', NULL),
(10, 'EGE PERLA,Konak', 451, '2023-05-25 07:33:00', '2023-05-25 07:33:00', NULL),
(11, 'OTOMOL,Alsancak', 451, '2023-05-25 07:33:16', '2023-05-25 07:33:16', NULL),
(12, 'SWİSSOTEL', 451, '2023-05-25 07:33:32', '2023-05-25 07:33:32', NULL),
(13, 'ERMAT MOTORLU ARAÇLAR,İzmir', 443, '2023-05-25 07:34:04', '2023-05-25 07:34:04', NULL),
(14, 'OPTİMUM OUTLET VE EĞLENCE MERKEZİ', 443, '2023-05-25 07:34:47', '2023-05-25 07:34:47', NULL),
(15, 'CADDE PLUS AVM,Çeşme', 439, '2023-05-25 07:35:18', '2023-05-25 07:35:18', NULL),
(16, 'BURMOT MOTORLU VASITALAR,Bursa,Nilüfer', 188, '2023-05-25 07:37:36', '2023-05-25 07:37:36', NULL),
(17, 'TEKNİK OTO,Nilüfer', 188, '2023-05-25 07:37:56', '2023-05-25 07:37:56', NULL),
(18, 'BRİSA,Nilüfer', 188, '2023-05-25 07:38:09', '2023-05-25 07:38:09', NULL),
(19, 'KAROTO OTOMOTİV,Osmangazi', 191, '2023-05-25 07:38:39', '2023-05-25 07:38:39', NULL),
(20, 'TEKNİK OTO,Osmangazi', 191, '2023-05-25 07:39:03', '2023-05-25 07:39:03', NULL),
(24, 'DC YMY OTOMOTİV,Çankaya', 60, '2023-05-25 07:42:43', '2023-05-25 07:42:43', NULL),
(25, 'PANORA AVM,Çankaya', 60, '2023-05-25 07:42:52', '2023-05-25 07:42:52', NULL),
(26, 'NEZİROĞLU OTOMOTİV,Çankaya', 60, '2023-05-25 07:43:06', '2023-05-25 07:43:06', NULL),
(27, 'TAURUS AVM,Çankaya', 60, '2023-05-25 07:43:17', '2023-05-25 07:43:17', NULL),
(28, 'BAŞKENT KULE,Çankaya', 60, '2023-05-25 07:44:14', '2023-05-25 07:44:14', NULL),
(29, 'KENTPARK AVM,Çankaya', 60, '2023-05-25 07:45:46', '2023-05-25 07:45:46', NULL),
(30, 'BİLKENT CENTER.Çankaya', 60, '2023-05-25 07:46:05', '2023-05-25 07:46:05', NULL),
(31, 'AĞAÇLI OTO,Etimesgut', 63, '2023-05-25 07:46:54', '2023-05-25 07:46:54', NULL),
(32, 'AU OTOMOTİV,Etimesgut', 63, '2023-05-25 07:47:10', '2023-05-25 07:47:10', NULL),
(33, 'AYTEMİZ,Yenimahalle', 78, '2023-05-25 07:47:32', '2023-05-25 07:47:32', NULL),
(34, 'ANKAMALL AVM,Yenimahalle', 78, '2023-05-25 07:47:48', '2023-05-25 07:47:48', NULL),
(35, 'BAŞKENT TOK SK,Çankaya', 60, '2023-05-25 07:48:21', '2023-05-25 07:48:21', NULL),
(36, 'BORUSAN OTO,Esenboğa', 54, '2023-05-25 07:49:13', '2023-05-25 07:49:13', NULL),
(37, 'BORUSAN OTO,Çorlu', 738, '2023-05-25 07:53:51', '2023-05-25 07:53:51', NULL),
(38, 'AKBATI AVM,Esenyurt', 409, '2023-05-25 07:54:29', '2023-05-25 07:54:29', NULL),
(39, 'BEMCAR OTO,Esenyurt', 409, '2023-05-25 07:54:46', '2023-05-25 07:54:46', NULL),
(40, 'PELİCAN MALL,Avcılar', 395, '2023-05-25 07:55:13', '2023-05-25 07:55:22', NULL),
(41, 'BORUSAN OTO,Avcılar', 395, '2023-05-25 07:55:35', '2023-05-25 07:55:35', NULL),
(42, 'Total, Tayakadın, İstanbul/Arnavütköy', 393, '2023-05-25 13:47:19', '2023-05-25 13:53:02', NULL),
(43, 'Aytemiz, Eyüp (İçtur) İstanbul/ Eyüp', 410, '2023-05-25 13:53:54', '2023-05-25 13:53:54', NULL),
(44, 'Mercator Ltd, İstanbul / Yenibosna-Bahçelievler', 397, '2023-05-25 13:58:35', '2023-05-25 13:58:35', NULL),
(45, 'StarCity Outlet Center, İstanbul/Yenibosna-Bahçelievler', 397, '2023-05-25 13:59:34', '2023-05-25 13:59:34', NULL),
(46, 'İstanbul Oto, İstanbul/ Yenibosna-Bahçelievler', 397, '2023-05-25 14:00:31', '2023-05-25 14:00:31', NULL),
(47, 'Flyinn AVM, İstanbul/Florya-Bakırköy', 398, '2023-05-25 14:01:35', '2023-05-25 14:01:35', NULL),
(48, 'Polat Renaissance Hotel, Yeşilyurt İstanbul/Bakırköy', 398, '2023-05-25 14:02:10', '2023-05-25 14:02:10', NULL),
(49, 'Otomol, Merter, İstanbul/Bakırköy', 398, '2023-05-25 14:03:15', '2023-05-25 14:03:15', NULL),
(50, 'Aytemiz İstanbul/Gaziosmanpaşa', 412, '2023-05-25 14:03:55', '2023-05-25 14:03:55', NULL),
(51, 'The Marmara, Pera İstanbul/Beyoğlu', 404, '2023-05-25 14:05:23', '2023-05-25 14:05:23', NULL),
(52, 'Otopratik - Arıcıoğlu, İstanbul/Beyoğlu', 404, '2023-05-25 15:05:29', '2023-05-25 15:05:29', NULL),
(53, 'The Marmara, Taksim İstanbul/Beyoğlu', 404, '2023-05-25 15:06:01', '2023-05-25 15:06:01', NULL),
(54, 'Otopratik - Arıcıoğlu,  İstanbul/Beyoğlu', 404, '2023-05-25 15:06:37', '2023-05-25 15:06:37', NULL),
(55, 'The Marmara, Pera İstanbul/Beyoğlu', 404, '2023-05-25 15:08:10', '2023-05-25 15:08:10', NULL),
(56, 'Shangri-La Bosphorus Hotel, İstanbul/Beşiktaş', 401, '2023-05-25 15:08:29', '2023-05-25 15:08:48', NULL),
(57, 'Selenium, Fulya İstanbul/Beşiktaş', 401, '2023-05-25 15:09:07', '2023-05-25 15:09:07', NULL),
(58, 'Aytemiz, İstanbul/Şişli', 426, '2023-05-25 15:42:55', '2023-05-25 15:42:55', NULL),
(59, 'Hilton İstanbul Bomonti Hotel and Conference Center İstanbul/ Şişli', 426, '2023-05-25 15:43:21', '2023-05-25 15:43:21', NULL),
(60, 'Radisson Blu Hotel, İstanbul/Şişli', 426, '2023-05-25 15:43:41', '2023-05-25 15:43:41', NULL),
(61, 'Gayrettepe Taşyapı - Özgün Katlı Otopark İstanbul/Beşiktaş', 401, '2023-05-25 15:44:26', '2023-05-25 15:44:26', NULL),
(62, 'İspark, Balmumcu İstanbul/Beşiktaş', 401, '2023-05-25 15:44:47', '2023-05-25 15:44:57', NULL),
(63, 'Kanyon AVM, Levent İstanbul/Şişli', 426, '2023-05-25 15:45:41', '2023-05-25 15:45:41', NULL),
(64, 'Tekfen Tower, 4. Levent İstanbul/Şişli', 426, '2023-05-25 15:46:06', '2023-05-25 15:46:06', NULL),
(65, 'Borusan Oto, Vadi, İstanbul/Kağıthane', 415, '2023-05-25 15:46:32', '2023-05-25 15:46:32', NULL),
(66, 'Vadi İstanbul, İstanbul/Sarıyer', 421, '2023-05-25 15:47:16', '2023-05-25 15:47:16', NULL),
(67, 'Brisa, Birlas, 4. Levent Sanayi Sitesi İstanbul/Sarıyer', 421, '2023-05-25 15:47:41', '2023-05-25 15:47:41', NULL),
(68, 'Uniq Istanbul İstanbul/Sarıyer', 421, '2023-05-25 15:48:11', '2023-05-25 15:48:11', NULL),
(69, 'Borusan Oto, İstinye İstanbul/Sarıyer', 421, '2023-05-25 15:48:30', '2023-05-25 15:48:30', NULL),
(70, 'The Grand Tarabya, İstanbul/Sarıyer', 421, '2023-05-25 15:49:10', '2023-05-25 15:49:10', NULL),
(71, 'Kosifler Oto, Kavacık İstanbul/Beykoz', 402, '2023-05-25 15:49:59', '2023-05-25 15:49:59', NULL),
(72, 'Buyaka AVM, İstanbul/Ümraniye', 428, '2023-05-25 15:50:26', '2023-05-25 15:50:36', NULL),
(73, 'Tepe Nautilus, İstanbul/Kadıköy', 414, '2023-05-25 15:51:18', '2023-05-25 15:51:18', NULL),
(74, 'Akasya AVM, Acıbadem İstanbul/Kadıköy', 414, '2023-05-25 15:52:53', '2023-05-25 15:52:53', NULL),
(75, 'Optimum, İstanbul/Ataşehir', 394, '2023-05-25 15:54:22', '2023-05-25 15:54:22', NULL),
(76, 'Palladium AVM, İstanbul/Ataşehir', 394, '2023-05-25 15:55:03', '2023-05-25 15:55:03', NULL),
(77, 'Aytemiz, İstanbul/Kadıköy', 414, '2023-05-25 15:55:30', '2023-05-25 15:55:30', NULL),
(78, 'Aytemiz, Vadim, İstanbul/Kadıköy', 414, '2023-05-25 15:56:31', '2023-05-25 15:56:31', NULL),
(79, 'Kosifler Oto, Küçükyalı İstanbul/Ataşehir', 394, '2023-05-25 15:57:32', '2023-05-25 15:57:32', NULL),
(80, 'Kosifler Oto, Küçükyalı İstanbul/Ataşehir', 394, '2023-05-25 15:58:27', '2023-05-25 15:58:27', NULL),
(81, 'DC YMY OTOMOTİV İstanbul/Maltepe', 418, '2023-05-25 16:00:09', '2023-05-25 16:00:09', NULL),
(82, 'Doğuş Otomotiv - Turkcell, İstanbul/Maltepe', 418, '2023-05-25 16:00:22', '2023-05-25 16:00:22', NULL),
(83, 'TREND OTO,Ümraniye', 428, '2023-05-25 16:18:46', '2023-05-25 16:18:46', NULL),
(84, 'GÜL-AL,Çekmeköy', 407, '2023-05-25 16:19:15', '2023-05-25 16:19:15', NULL),
(85, 'AYEDAŞ GENEL MÜDÜRLÜĞÜ,Maltepe', 418, '2023-05-25 16:19:50', '2023-05-25 16:19:50', NULL),
(86, 'MALTEPE PARK AVM,İstanbul', 418, '2023-05-25 16:20:19', '2023-05-25 16:20:19', NULL),
(87, 'ASF OTOMOTİV,Kartal', 416, '2023-05-25 16:20:59', '2023-05-25 16:20:59', NULL),
(88, 'PENDORYA ALIŞVERİŞ MERKEZİ,İstanbul', 419, '2023-05-25 16:21:48', '2023-05-25 16:21:48', NULL),
(89, 'SABANCI ÜNİVERSİTESİ,İstanbul', 427, '2023-05-25 16:22:21', '2023-05-25 16:22:21', NULL),
(90, 'KUVEYTTÜRK,Kocaeli', 517, '2023-05-25 16:24:43', '2023-05-25 16:24:43', NULL),
(91, 'DOĞUŞ OTOMOTİV,Kocaeli', 517, '2023-05-25 16:25:01', '2023-05-25 16:25:01', NULL),
(92, 'ASF OTOMOTİV,Gebze', 521, '2023-05-25 16:25:26', '2023-05-25 16:25:26', NULL),
(93, 'ERNAZ OTOMOTİV,Kocaeli', 527, '2023-05-25 18:40:53', '2023-05-25 18:40:53', NULL),
(94, 'SHELL-SAPANCA(Kuzey),Kocaeli', 526, '2023-05-25 18:41:26', '2023-05-25 18:41:26', NULL),
(95, 'SERDİVAN AVM,Sakarya', 674, '2023-05-25 18:42:19', '2023-05-25 18:42:19', NULL),
(96, 'SANDIKÇI OTO,Arifiye', 676, '2023-05-25 18:43:20', '2023-05-25 18:43:20', NULL),
(97, 'ÇELİK MOTORLU ARAÇLAR,Konya', 549, '2023-05-25 18:44:30', '2023-05-25 18:44:30', NULL),
(98, 'THE LAND OF LEGENDS,Antalya', 97, '2023-05-25 18:45:13', '2023-05-25 18:45:13', NULL),
(99, 'ZAMANLAR OTOMOTİV,Antalya', 97, '2023-05-25 18:45:36', '2023-05-25 18:45:36', NULL),
(100, 'GÜNLAS CHEVROLET,Antalya', 97, '2023-05-25 18:46:00', '2023-05-25 18:46:00', NULL),
(101, 'KOSİFLER OTO,Antalya', 97, '2023-05-25 18:46:19', '2023-05-25 18:46:19', NULL),
(102, 'MİGROS AVM,Antalya', 92, '2023-05-25 18:47:17', '2023-05-25 18:47:17', NULL),
(103, 'BEYHAN OTOMOTİV,Menteşe,Muğla', 906, '2023-05-25 18:50:16', '2023-05-25 18:50:16', NULL),
(104, 'DEĞİRMENBURNU RESİDENCE,Bodrum', 617, '2023-05-25 18:51:03', '2023-05-25 18:51:03', NULL),
(105, 'BORUSAN OTO,Bodrum', 617, '2023-05-25 18:51:31', '2023-05-25 18:51:31', NULL),
(106, 'AYTEMİZ,Söke,Aydın', 118, '2023-05-25 18:52:05', '2023-05-25 18:52:05', NULL),
(107, 'KOÇMAK OTOMOTİV,Trabzon', 772, '2023-05-25 18:54:44', '2023-05-25 18:54:44', NULL),
(108, 'ERGÜLERYÜZ OTOMOTİV,Erzurum', 309, '2023-05-25 18:55:19', '2023-05-25 18:55:19', NULL),
(109, 'MSC OTOMOTİV,Kayapınar,Diyarbakır', 257, '2023-05-25 18:55:54', '2023-05-25 18:55:54', NULL),
(110, 'TUĞMANER OTOMOTİV,Mardin', 610, '2023-05-25 18:56:35', '2023-05-25 18:56:35', NULL),
(111, 'BADILLI OTO,Şanlıurfa', 913, '2023-05-25 18:57:11', '2023-05-25 18:57:11', NULL),
(112, 'HASAN KALYONCU ÜNİVERSİTESİ,Gaziantep', 330, '2023-05-25 18:58:07', '2023-05-25 18:58:07', NULL),
(113, 'İPEKYOL PLAZA,Gaziantep', 331, '2023-05-25 18:58:30', '2023-05-25 18:58:30', NULL),
(114, 'İMAM KAYALIOĞULLARI,Gaziantep', 331, '2023-05-25 18:58:50', '2023-05-25 18:58:50', NULL),
(115, 'RELES İTHALAT VE İHRACAT,Hatay', 361, '2023-05-25 18:59:40', '2023-05-25 18:59:40', NULL),
(116, 'RELES İTHALAT VE İHRACAT,Hatay', 897, '2023-05-25 19:00:20', '2023-05-25 19:00:20', NULL),
(117, 'M1 ADANA AVM', 12, '2023-05-25 19:00:51', '2023-05-25 19:00:59', NULL),
(118, 'BORUSAN OTO,Tarsus', 389, '2023-05-25 19:01:40', '2023-05-25 19:01:40', NULL),
(119, 'ÇAYAN OTOMOTİV,Tarsus', 389, '2023-05-25 19:01:59', '2023-05-25 19:01:59', NULL),
(120, 'MERSİN MARİNA', 391, '2023-05-25 19:02:31', '2023-05-25 19:02:31', NULL),
(121, 'GÜRSOY OTOMOTİV,Mezitli', 386, '2023-05-25 19:02:54', '2023-05-25 19:02:54', NULL),
(122, 'GÜLPAR MOTORLU ARAÇLAR,Melikgazi', 494, '2023-05-25 19:04:10', '2023-05-25 19:04:10', NULL),
(123, 'WESTPARK OTOBAN 2', 434, '2023-05-25 19:05:06', '2023-05-25 19:05:06', NULL),
(124, 'Watergarden AVM,İstanbul', 394, '2023-05-25 19:05:34', '2023-05-25 19:05:34', NULL),
(125, 'BEYKOZ KONAKLARI,Beykoz', 402, '2023-05-25 19:05:56', '2023-05-25 19:05:56', NULL),
(126, 'KERTE-GUSTO,İstanbul', 407, '2023-05-25 19:06:45', '2023-05-25 19:06:45', NULL),
(127, 'BABAESKİ PETROL 1,İstanbul', 419, '2023-05-25 19:07:13', '2023-05-25 19:07:13', NULL),
(128, 'KİPA BORNOVA', 437, '2023-05-25 19:07:36', '2023-05-25 19:07:45', NULL),
(129, 'TANKAR YEŞİLLİK KARABAĞLAR BP', 445, '2023-05-25 19:08:17', '2023-05-25 19:08:17', NULL),
(130, 'ÖZHAS', 598, '2023-05-25 19:08:43', '2023-05-25 19:08:43', NULL),
(131, 'ÇERKEZKÖY YOLU', 909, '2023-05-25 19:09:18', '2023-05-25 19:09:18', NULL),
(132, 'SELİMPAŞA PETROL', 422, '2023-05-25 19:09:45', '2023-05-25 19:09:45', NULL),
(133, 'BOSTANCI AKARYAKIT ÜRÜNLERİ SAN.TİC.A.Ş 2', 417, '2023-05-25 19:10:25', '2023-05-25 19:10:25', NULL),
(134, 'MİMARSİNAN AKARYAKIT ÜRÜNLERİ SAN.TİC.AŞ 1', 417, '2023-05-25 19:10:56', '2023-05-25 19:10:56', NULL),
(135, 'BEYLİKDÜZÜ OSB', 403, '2023-05-25 19:11:24', '2023-05-25 19:11:24', NULL),
(136, 'MC CAR WASH SERVİCE POİNT,İstanbul', 401, '2023-05-25 19:11:56', '2023-05-25 19:11:56', NULL),
(137, 'ZENGİN PETROL SAN. VE TİC. A.Ş', 399, '2023-05-25 19:12:32', '2023-05-25 19:12:32', NULL),
(138, 'BEÇ CANLAR PETROL', 396, '2023-05-25 19:12:55', '2023-05-25 19:13:08', NULL),
(139, 'YÜZYIL ENERJİ', 408, '2023-05-25 19:13:30', '2023-05-25 19:13:30', NULL),
(140, 'EDİRNEPET AKARYAKIT 1', 396, '2023-05-25 19:14:54', '2023-05-25 19:14:54', NULL),
(141, 'LÜLEBURGAZ PETROL', 424, '2023-05-25 19:15:16', '2023-05-25 19:15:16', NULL),
(142, 'PAYE OPET', 410, '2023-05-25 19:15:52', '2023-05-25 19:15:52', NULL),
(143, 'Bağcılar TP NFM', 410, '2023-05-25 19:16:05', '2023-05-25 19:16:05', NULL),
(144, 'Özdilek Park Awm', 426, '2023-05-25 19:16:32', '2023-05-25 19:16:32', NULL),
(145, 'Turpak Otopark', 415, '2023-05-25 19:17:02', '2023-05-25 19:17:02', NULL),
(146, 'Keşan Petrol (Fulya)', 401, '2023-05-25 19:17:33', '2023-05-25 19:17:33', NULL),
(147, 'Avis Otopark Zincirlikuyu,Şişli', 426, '2023-05-25 19:18:05', '2023-05-25 19:18:05', NULL),
(148, 'HATIRLI SHELL', 190, '2023-05-25 19:18:53', '2023-05-25 19:18:53', NULL),
(149, 'MUDANYA PETROL', 186, '2023-05-25 19:19:23', '2023-05-25 19:19:23', NULL),
(150, 'Karya 29 Sosyal Yaşam Ve Eğlence Merkezi', 188, '2023-05-25 19:19:51', '2023-05-25 19:19:51', NULL),
(151, 'ATA  BULVARI', 188, '2023-05-25 19:20:05', '2023-05-25 19:20:05', NULL),
(152, 'CEMCAN AKARYAKIT', 188, '2023-05-25 19:20:24', '2023-05-25 19:20:24', NULL),
(153, 'Özdilek Bursa', 191, '2023-05-25 19:20:56', '2023-05-25 19:20:56', NULL),
(154, 'Kocaoğlu Akaryakıt Tesisleri,Bozüyük', 139, '2023-05-25 19:21:44', '2023-05-25 19:21:44', NULL),
(155, 'RİADA HOTEL', 674, '2023-05-25 19:22:15', '2023-05-25 19:22:15', NULL),
(156, 'DEMİRPARK AVM', 886, '2023-05-25 19:22:57', '2023-05-25 19:22:57', NULL),
(157, 'ENK OİL DİNLENME TESİSLERİ', 322, '2023-05-25 19:23:43', '2023-05-25 19:23:43', NULL),
(158, 'KAYALAR TP', 160, '2023-05-25 19:24:13', '2023-05-25 19:24:13', NULL),
(159, 'MERTPAK ATKARACALAR', 205, '2023-05-25 19:24:53', '2023-05-25 19:24:53', NULL),
(160, 'AYKA TP', 60, '2023-05-25 19:25:37', '2023-05-25 19:25:37', NULL),
(161, 'PETCO', 72, '2023-05-25 19:26:26', '2023-05-25 19:26:26', NULL),
(162, 'İncek Aliağa', 65, '2023-05-25 19:27:01', '2023-05-25 19:27:01', NULL),
(163, 'GÖK PETROL', 513, '2023-05-25 19:27:47', '2023-05-25 19:27:47', NULL),
(164, 'CCS PETROL', 922, '2023-05-25 19:28:43', '2023-05-25 19:28:43', NULL),
(165, 'TUZ GÖLÜ', 77, '2023-05-25 19:29:11', '2023-05-25 19:29:11', NULL),
(166, 'BAYIRPETROL 1', 528, '2023-05-25 19:29:47', '2023-05-25 19:29:47', NULL),
(167, 'KULLUK LUKOİL', 549, '2023-05-25 19:30:20', '2023-05-25 19:30:20', NULL),
(168, 'İNCA PETROL ÜRÜNLER SAN.VE TİC.AŞ', 229, '2023-05-25 19:31:26', '2023-05-25 19:31:26', NULL),
(169, 'KOCABAYLAR', 244, '2023-05-25 19:31:59', '2023-05-25 19:31:59', NULL),
(170, 'TOKSOY PETROL', 623, '2023-05-25 19:32:29', '2023-05-25 19:32:29', NULL),
(171, 'KURTULUŞ OTOPARK', 617, '2023-05-25 19:32:57', '2023-05-25 19:32:57', NULL),
(172, 'EBU AKARYAKIT,Bodrum', 617, '2023-05-25 19:33:21', '2023-05-25 19:33:21', NULL),
(173, 'KUŞADASI AVM', 115, '2023-05-25 19:33:57', '2023-05-25 19:33:57', NULL),
(174, 'KAYIKÇIOĞLU PETROL,Silifke', 388, '2023-05-25 19:34:45', '2023-05-25 19:34:45', NULL),
(175, 'ZİRVE PETROL', 384, '2023-05-25 19:35:02', '2023-05-25 19:35:02', NULL),
(176, 'KAYIKÇIOĞLU', 384, '2023-05-25 19:35:13', '2023-05-25 19:35:13', NULL),
(177, 'Seyhan İstasyonu Yapsan Gaz', 12, '2023-05-25 19:35:42', '2023-05-25 19:35:42', NULL),
(178, 'HYPCO HATAY', 357, '2023-05-25 19:36:24', '2023-05-25 19:36:24', NULL),
(179, 'VEZİR LUKOİL', 494, '2023-05-25 19:37:05', '2023-05-25 19:37:05', NULL),
(180, 'ŞEFTALİCİOĞLU OTOPARK', 574, '2023-05-25 19:38:30', '2023-05-25 19:38:30', NULL),
(181, 'KARPET', 346, '2023-05-25 19:39:07', '2023-05-25 19:39:07', NULL),
(182, 'PARK INN BY RADISSON İstanbul/Eyüp', 410, '2023-05-27 18:24:11', '2023-05-27 18:24:11', NULL),
(183, 'İSO ODAKULE İstanbul/Beşiktaş', 401, '2023-05-27 18:24:52', '2023-05-27 18:24:52', NULL),
(184, 'AKMERKEZ AVM İstanbul/Beşiktaş', 401, '2023-05-27 18:25:20', '2023-05-27 18:25:20', NULL),
(185, 'SEBA OFFICE BOULEVARD İstanbul/Sarıyer', 421, '2023-05-27 18:32:59', '2023-05-27 18:32:59', NULL),
(186, 'AĞAOĞLU MASLAK 1453 - ÇARŞI İstanbul/Sarıyer', 421, '2023-05-27 18:34:28', '2023-05-27 18:34:28', NULL),
(187, 'AĞAOĞLU MASLAK 1453 İstanbul/Sarıyer', 421, '2023-05-27 18:34:57', '2023-05-27 18:34:57', NULL),
(188, 'EMAAR SQUARE RESIDENCE İstanbul/Üsküdar', 429, '2023-05-27 18:35:56', '2023-05-27 18:35:56', NULL),
(189, 'EMAAR SQUARE MALL İstanbul/Üsküdar', 429, '2023-05-27 18:36:16', '2023-05-27 18:36:16', NULL),
(190, 'TEKNİK YAPI SUADİYE SAHİL İstanbul/Kadıköy', 414, '2023-05-27 18:36:54', '2023-05-27 18:36:54', NULL),
(191, 'GARAJ OTO İstanbul/Ataşehir', 394, '2023-05-27 18:37:21', '2023-05-27 18:37:21', NULL),
(192, 'ÖZYEĞİN ÜNİVERSİTESİ İstanbul/Çekmeköy', 407, '2023-05-27 18:37:50', '2023-05-27 18:37:50', NULL),
(193, 'PETROL OFİSİ - DİLOVASI O3 Kocaeli/dilovası', 520, '2023-05-27 18:38:34', '2023-05-27 18:38:34', NULL),
(194, 'KENT MEYDANI AVM, Osmangazi', 191, '2023-05-27 18:39:19', '2023-05-27 18:39:19', NULL),
(195, 'PETROL OFİSİ - DÜZCE KUZEY, Kaynaşlı', 891, '2023-05-27 18:40:01', '2023-05-27 18:40:01', NULL),
(196, 'PETROL OFİSİ - DÜZCE GÜNEY, Kaynaşlı', 891, '2023-05-27 18:40:25', '2023-05-27 18:40:25', NULL),
(197, 'PETROL OFİSİ - ANKARA, Etimesgut', 63, '2023-05-27 18:40:56', '2023-05-27 18:40:56', NULL),
(198, 'Hacettepe Üniversitesi, Çankaya', 60, '2023-05-27 18:41:32', '2023-05-27 18:41:32', NULL),
(199, 'PETROL OFİSİ - AFYONKARAHİSAR, Başmakçı', 24, '2023-05-27 18:41:58', '2023-05-27 18:41:58', NULL),
(200, 'UNILEVER VECTOR, Selçuklu', 553, '2023-05-27 18:42:34', '2023-05-27 18:42:34', NULL),
(201, 'PETROL OFİSİ - KEPEZ, Döşemealtı', 83, '2023-05-27 18:48:38', '2023-05-27 18:48:38', NULL),
(202, 'PETROL OFİSİ - MUĞLA, Yatağan', 627, '2023-05-27 18:49:05', '2023-05-27 18:49:05', NULL),
(203, 'PETROL OFİSİ , MİLAS', 624, '2023-05-27 18:49:24', '2023-05-27 18:49:24', NULL),
(204, 'PETROL OFİSİ - İZMİR, Balçova', 432, '2023-05-27 18:50:02', '2023-05-27 18:50:02', NULL);

--
-- Dökümü yapılmış tablolar için indeksler
--

--
-- Tablo için indeksler `admiko_auditable_logs`
--
ALTER TABLE `admiko_auditable_logs`
  ADD PRIMARY KEY (`id`);

--
-- Tablo için indeksler `admins`
--
ALTER TABLE `admins`
  ADD PRIMARY KEY (`id`),
  ADD UNIQUE KEY `admins_email_unique` (`email`);

--
-- Tablo için indeksler `admins_multi_tenancy_access`
--
ALTER TABLE `admins_multi_tenancy_access`
  ADD PRIMARY KEY (`id`),
  ADD KEY `fk_admiko_multi_tenancy_admins` (`parent_id`);

--
-- Tablo için indeksler `admins_roles`
--
ALTER TABLE `admins_roles`
  ADD PRIMARY KEY (`id`);

--
-- Tablo için indeksler `admins_roles_permission`
--
ALTER TABLE `admins_roles_permission`
  ADD PRIMARY KEY (`id`),
  ADD KEY `fk_admins_roles` (`role_id`);

--
-- Tablo için indeksler `bookings`
--
ALTER TABLE `bookings`
  ADD PRIMARY KEY (`id`);

--
-- Tablo için indeksler `cars`
--
ALTER TABLE `cars`
  ADD PRIMARY KEY (`id`);

--
-- Tablo için indeksler `car_models`
--
ALTER TABLE `car_models`
  ADD PRIMARY KEY (`id`),
  ADD KEY `fk_car_car_model` (`admiko_car_id`);

--
-- Tablo için indeksler `cities`
--
ALTER TABLE `cities`
  ADD PRIMARY KEY (`id`);

--
-- Tablo için indeksler `contact_forms`
--
ALTER TABLE `contact_forms`
  ADD PRIMARY KEY (`id`);

--
-- Tablo için indeksler `customers`
--
ALTER TABLE `customers`
  ADD PRIMARY KEY (`id`);

--
-- Tablo için indeksler `districts`
--
ALTER TABLE `districts`
  ADD PRIMARY KEY (`id`),
  ADD KEY `fk_city_district` (`admiko_city_id`);

--
-- Tablo için indeksler `stations`
--
ALTER TABLE `stations`
  ADD PRIMARY KEY (`id`),
  ADD KEY `fk_district_station` (`admiko_district_id`);

--
-- Dökümü yapılmış tablolar için AUTO_INCREMENT değeri
--

--
-- Tablo için AUTO_INCREMENT değeri `admiko_auditable_logs`
--
ALTER TABLE `admiko_auditable_logs`
  MODIFY `id` bigint UNSIGNED NOT NULL AUTO_INCREMENT;

--
-- Tablo için AUTO_INCREMENT değeri `admins`
--
ALTER TABLE `admins`
  MODIFY `id` bigint UNSIGNED NOT NULL AUTO_INCREMENT, AUTO_INCREMENT=3;

--
-- Tablo için AUTO_INCREMENT değeri `admins_multi_tenancy_access`
--
ALTER TABLE `admins_multi_tenancy_access`
  MODIFY `id` bigint UNSIGNED NOT NULL AUTO_INCREMENT;

--
-- Tablo için AUTO_INCREMENT değeri `admins_roles`
--
ALTER TABLE `admins_roles`
  MODIFY `id` bigint UNSIGNED NOT NULL AUTO_INCREMENT, AUTO_INCREMENT=3;

--
-- Tablo için AUTO_INCREMENT değeri `admins_roles_permission`
--
ALTER TABLE `admins_roles_permission`
  MODIFY `id` bigint UNSIGNED NOT NULL AUTO_INCREMENT;

--
-- Tablo için AUTO_INCREMENT değeri `bookings`
--
ALTER TABLE `bookings`
  MODIFY `id` bigint UNSIGNED NOT NULL AUTO_INCREMENT, AUTO_INCREMENT=11;

--
-- Tablo için AUTO_INCREMENT değeri `cars`
--
ALTER TABLE `cars`
  MODIFY `id` bigint UNSIGNED NOT NULL AUTO_INCREMENT, AUTO_INCREMENT=10;

--
-- Tablo için AUTO_INCREMENT değeri `car_models`
--
ALTER TABLE `car_models`
  MODIFY `id` bigint UNSIGNED NOT NULL AUTO_INCREMENT, AUTO_INCREMENT=36;

--
-- Tablo için AUTO_INCREMENT değeri `cities`
--
ALTER TABLE `cities`
  MODIFY `id` bigint UNSIGNED NOT NULL AUTO_INCREMENT, AUTO_INCREMENT=82;

--
-- Tablo için AUTO_INCREMENT değeri `contact_forms`
--
ALTER TABLE `contact_forms`
  MODIFY `id` bigint UNSIGNED NOT NULL AUTO_INCREMENT, AUTO_INCREMENT=5;

--
-- Tablo için AUTO_INCREMENT değeri `customers`
--
ALTER TABLE `customers`
  MODIFY `id` bigint UNSIGNED NOT NULL AUTO_INCREMENT, AUTO_INCREMENT=27;

--
-- Tablo için AUTO_INCREMENT değeri `districts`
--
ALTER TABLE `districts`
  MODIFY `id` bigint UNSIGNED NOT NULL AUTO_INCREMENT, AUTO_INCREMENT=924;

--
-- Tablo için AUTO_INCREMENT değeri `stations`
--
ALTER TABLE `stations`
  MODIFY `id` bigint UNSIGNED NOT NULL AUTO_INCREMENT, AUTO_INCREMENT=206;

--
-- Dökümü yapılmış tablolar için kısıtlamalar
--

--
-- Tablo kısıtlamaları `admins_multi_tenancy_access`
--
ALTER TABLE `admins_multi_tenancy_access`
  ADD CONSTRAINT `fk_admiko_multi_tenancy_admins` FOREIGN KEY (`parent_id`) REFERENCES `admins` (`id`) ON DELETE CASCADE;

--
-- Tablo kısıtlamaları `admins_roles_permission`
--
ALTER TABLE `admins_roles_permission`
  ADD CONSTRAINT `fk_admins_roles` FOREIGN KEY (`role_id`) REFERENCES `admins_roles` (`id`) ON DELETE CASCADE;

--
-- Tablo kısıtlamaları `car_models`
--
ALTER TABLE `car_models`
  ADD CONSTRAINT `fk_car_car_model` FOREIGN KEY (`admiko_car_id`) REFERENCES `cars` (`id`) ON DELETE CASCADE;

--
-- Tablo kısıtlamaları `districts`
--
ALTER TABLE `districts`
  ADD CONSTRAINT `fk_city_district` FOREIGN KEY (`admiko_city_id`) REFERENCES `cities` (`id`) ON DELETE CASCADE;

--
-- Tablo kısıtlamaları `stations`
--
ALTER TABLE `stations`
  ADD CONSTRAINT `fk_district_station` FOREIGN KEY (`admiko_district_id`) REFERENCES `districts` (`id`) ON DELETE CASCADE;
COMMIT;

/*!40101 SET CHARACTER_SET_CLIENT=@OLD_CHARACTER_SET_CLIENT */;
/*!40101 SET CHARACTER_SET_RESULTS=@OLD_CHARACTER_SET_RESULTS */;
/*!40101 SET COLLATION_CONNECTION=@OLD_COLLATION_CONNECTION */;
